2026|2111|3|35|0
2026|2051|4|35|0
2026|2140|4|35|0
2026|2216|4|35|0
2026|2099|16|35|0
2026|2251|3|35|0
2026|2224|32|35|0
2026|2169|4|35|0
2026|2165|12|35|0
2026|2175|4|35|0
2026|90|11|35|0
2026|2910|7|35|0
2026|3266|11|35|0
2026|3258|7|35|0
2026|3070|6|35|0
2026|2015|13|35|0
2026|2188|4|35|0
2026|2193|9|35|0
2026|1044|4|35|0
2026|1049|6|35|0
2026|2854|12|35|0
2026|70|7|35|0
2026|2025|3|35|0
2026|2030|3|35|0
2026|2067|7|35|0
2026|2104|7|35|0
2026|2110|9|35|0
2026|2112|6|35|0
2026|2004|15|35|0
2026|2005|12|35|0
2026|2116|3|35|0
2026|2151|5|35|0
2026|2177|7|35|0
2026|3181|7|35|0
2026|2026|11|35|0
2026|2940|15|35|0
2026|3106|10|35|0
2026|2016|16|35|0
2026|2017|10|35|0
2026|2002|4|35|0
2026|2201|1|35|1
2026|2053|1|35|1
2026|1043|1|35|1
2026|2892|11|35|0
2026|2155|4|35|0
2026|2123|5|35|0
2026|2221|1|35|1
2026|2191|1|35|1
2026|3262|1|35|1
2026|3264|1|35|1
2026|2179|3|43|0
2026|2158|4|43|0
2026|2088|4|43|0
2026|2061|4|43|0
2026|2856|11|43|0
2026|2190|4|43|0
2026|2122|2|43|0
2026|2131|2|43|0
2026|3198|13|43|0
2026|2197|3|43|0
2026|2256|2|43|0
2026|2243|2|43|0
2026|2006|3|43|0
2026|2040|4|43|0
2026|2094|3|43|0
2026|2235|4|43|0
2026|3266|3|43|0
2026|2904|15|43|0
2026|380|10|43|0
2026|2510|11|43|0
2026|2919|4|43|0
2026|2875|12|43|0
2026|2045|2|43|0
2026|3267|4|43|0
2026|3260|4|43|0
2026|3268|7|43|0
2026|3269|9|43|0
2026|3270|5|43|0
2026|2507|9|43|0
2026|3214|12|43|0
2026|2956|12|43|0
2026|2997|16|43|0
2026|2004|2|43|0
2026|2340|11|43|0
2026|16|9|43|0
2026|2323|14|43|0
2026|2786|11|43|0
2026|2336|14|43|0
2026|1136|2|43|0
2026|988|7|43|0
2026|2279|16|43|0
2026|923|6|43|0
2026|1022|7|43|0
2026|90|14|43|0
2026|2291|16|43|0
2026|298|12|43|0
2026|610|11|43|0
2026|948|4|43|0
2026|476|5|43|0
2026|2318|16|43|0
2026|573|11|43|0
2026|648|8|43|0
2026|2977|14|43|0
2026|964|8|43|0
2026|980|6|43|0
2026|1045|2|43|0
2026|949|2|43|0
2026|2326|16|43|0
2026|1105|3|43|0
2026|3271|4|43|0
2026|2756|15|43|0
2026|1081|4|43|0
2026|2815|10|43|0
2026|860|4|43|0
2026|2238|3|43|0
2026|3093|12|43|0
2026|2262|5|43|0
2026|2080|3|43|0
2026|2068|7|43|0
2026|2084|3|43|0
2026|2196|4|43|0
2026|2202|4|43|0
2026|2130|5|43|0
2026|2257|3|43|0
2026|2153|4|43|0
2026|2270|4|43|0
2026|2258|4|43|0
2026|2241|4|43|0
2026|2229|2|43|0
2026|2220|5|43|0
2026|2215|6|43|0
2026|2214|4|43|0
2026|2144|2|43|0
2026|2138|4|43|0
2026|2271|4|43|0
2026|2269|4|43|0
2026|2267|2|43|0
2026|2266|2|43|0
2026|2242|4|43|0
2026|2164|5|43|0
2026|2157|4|43|0
2026|2150|4|43|0
2026|2147|4|43|0
2026|2145|3|43|0
2026|2049|2|43|0
2026|2051|5|43|0
2026|2226|2|43|0
2026|2253|4|43|0
2026|3191|15|43|0
2026|2750|10|43|0
2026|2216|3|43|0
2026|2211|2|43|0
2026|2140|3|43|0
2026|2113|3|43|0
2026|2096|3|43|0
2026|2095|4|43|0
2026|2127|4|43|0
2026|2963|15|43|0
2026|2916|10|43|0
2026|2249|2|43|0
2026|2275|3|43|0
2026|2225|2|43|0
2026|2224|24|43|0
2026|2154|3|43|0
2026|2078|4|43|0
2026|2176|2|43|0
2026|2044|4|43|0
2026|2099|8|43|0
2026|2109|3|43|0
2026|2038|11|43|0
2026|2032|2|43|0
2026|2031|4|43|0
2026|2017|8|43|0
2026|2016|12|43|0
2026|2967|15|43|0
2026|2499|12|43|0
2026|2549|15|43|0
2026|2605|11|43|0
2026|3131|11|43|0
2026|2148|5|43|0
2026|2119|4|43|0
2026|2981|10|43|0
2026|2675|13|43|0
2026|2643|7|43|0
2026|600|10|43|0
2026|2488|14|43|0
2026|2105|4|43|0
2026|2047|2|43|0
2026|2034|5|43|0
2026|2407|9|43|0
2026|2261|3|43|0
2026|2195|3|43|0
2026|2681|6|43|0
2026|3099|9|43|0
2026|2772|12|43|0
2026|2167|6|43|0
2026|2152|3|43|0
2026|2108|6|43|0
2026|2015|3|43|0
2026|2042|3|43|0
2026|2027|3|43|0
2026|2600|11|43|0
2026|2607|9|43|0
2026|2608|6|43|0
2026|2118|1|43|1
2026|2056|1|43|1
2026|2174|1|43|1
2026|2187|1|43|1
2026|1112|1|43|1
2026|2165|5|43|0
2026|2055|1|43|1
2026|2029|1|43|1
2026|2057|1|43|1
2026|2115|1|43|1
2026|2199|1|43|1
2026|2062|1|43|1
2026|2048|1|43|1
2026|976|1|43|1
2026|3257|1|43|1
2026|3256|1|43|1
2026|2248|1|43|1
2026|2014|1|43|1
2026|2173|1|43|1
2026|2112|1|43|1
2026|2121|1|43|1
2026|2126|1|43|1
2026|2128|1|43|1
2026|2223|1|43|1
2026|2058|1|43|1
2026|2845|1|411|1
2026|373|1|411|1
2026|391|1|411|1
2026|573|1|411|1
2026|2487|1|411|1
2026|2481|1|411|1
2026|988|10|411|0
2026|2463|6|411|0
2026|2798|3|411|0
2026|2173|9|411|0
2026|1081|11|411|0
2026|2865|5|411|0
2026|3221|3|411|0
2026|3271|13|411|0
2026|2755|5|411|0
2026|949|8|411|0
2026|2825|10|411|0
2026|2642|8|411|0
2026|2127|7|411|0
2026|2044|7|411|0
2026|2441|5|411|0
2026|2429|9|411|0
2026|2042|7|411|0
2026|2047|8|411|0
2026|2397|1|414|1
2026|2540|1|414|1
2026|2508|1|414|1
2026|2957|1|414|1
2026|2049|7|414|0
2026|2603|1|414|1
2026|2491|1|414|1
2026|2832|1|414|1
2026|2052|4|414|0
2026|2616|3|414|0
2026|2156|8|414|0
2026|576|3|414|0
2026|3174|8|414|0
2026|2666|3|414|0
2026|2230|8|415|0
2026|2238|9|415|0
2026|2427|1|422|1
2026|2314|13|422|0
2026|2822|4|422|0
2026|2177|9|422|0
2026|2148|16|422|0
2026|2038|22|422|0
2026|218|7|422|0
2026|226|16|422|0
2026|2279|8|422|0
2026|762|3|422|0
2026|2968|9|422|0
2026|2784|4|423|0
2026|2910|1|425|1
2026|2275|8|425|0
2026|3251|2|425|0
2026|2988|3|425|0
2026|2989|5|425|0
2026|2849|9|425|0
2026|2221|2|425|0
2026|908|4|425|0
2026|907|7|425|0
2026|3221|10|425|0
2026|1105|10|425|0
2026|2985|6|425|0
2026|2471|10|426|0
2026|3170|1|427|1
2026|2570|4|427|0
2026|3105|5|427|0
2026|3090|4|427|0
2026|3169|1|427|1
2026|2875|3|427|0
2026|3244|4|427|0
2026|19|2|427|0
2026|95|7|427|0
2026|3061|4|427|0
2026|410|2|427|0
2026|2825|5|427|0
2026|2347|3|427|0
2026|2062|6|427|0
2026|2048|9|427|0
2026|3252|2|427|0
2026|2651|8|427|0
2026|3126|4|427|0
2026|3031|6|427|0
2026|2724|6|427|0
2026|2310|3|427|0
2026|2621|2|427|0
2026|2308|7|427|0
2026|2534|2|427|0
2026|3112|3|427|0
2026|3112|1|445|1
2026|3211|8|445|0
2026|2463|8|445|0
2026|3249|2|445|0
2026|3078|10|445|0
2026|2825|2|445|0
2026|387|3|445|0
2026|2725|7|445|0
2026|2564|2|445|0
2026|2652|2|445|0
2026|3080|8|445|0
2026|3072|7|445|0
2026|635|1|450|1
2026|2308|1|450|1
2026|2310|1|450|1
2026|2042|8|450|0
2026|2772|8|450|0
2026|2066|7|450|0
2026|2471|3|450|0
2026|3223|2|450|0
2026|3126|7|450|0
2026|223|7|450|0
2026|610|7|450|0
2026|2487|4|452|0
2026|3222|10|452|0
2026|3020|9|452|0
2026|3000|9|452|0
2026|70|4|452|0
2026|364|3|452|0
2026|658|5|452|0
2026|2445|5|452|0
2026|3223|7|452|0
2026|3010|9|452|0
2026|3047|10|452|0
2026|573|6|489|0
2026|2482|1|496|1
2026|2519|1|496|1
2026|108|3|496|0
2026|579|13|496|0
2026|2905|4|496|0
2026|2088|16|496|0
2026|2009|5|496|0
2026|2059|8|496|0
2026|2888|1|502|1
2026|538|1|520|1
2026|491|1|520|1
2026|2723|1|520|1
2026|2588|9|520|0
2026|2599|1|520|1
2026|2549|10|520|0
2026|3177|5|520|0
2026|3187|4|520|0
2026|2716|1|520|1
2026|2720|1|520|1
2026|3118|10|520|0
2026|2437|7|520|0
2026|3133|3|520|0
2026|3153|7|520|0
2026|2327|4|520|0
2026|2300|3|520|0
2026|2321|9|520|0
2026|36|6|520|0
2026|406|10|520|0
2026|2285|8|520|0
2026|2313|4|520|0
2026|2962|13|520|0
2026|605|6|520|0
2026|2476|10|520|0
2026|2320|4|520|0
2026|3181|5|520|0
2026|132|1|523|1
2026|2168|6|523|0
2026|2235|8|523|0
2026|2663|3|531|0
2026|2130|10|531|0
2026|2726|1|531|1
2026|3031|7|531|0
2026|2756|9|531|0
2026|2322|5|531|0
2026|2089|9|531|0
2026|2127|8|531|0
2026|2441|4|531|0
2026|2616|12|531|0
2026|2798|7|531|0
2026|3221|4|531|0
2026|2244|6|531|0
2026|2047|9|531|0
2026|2564|3|531|0
2026|2429|4|570|0
2026|2883|2|570|0
2026|2797|2|570|0
2026|3053|2|570|0
2026|2694|2|570|0
2026|2697|2|570|0
2026|2322|7|570|0
2026|2985|7|570|0
2026|2989|9|570|0
2026|2151|6|570|0
2026|2471|7|570|0
2026|802|3|570|0
2026|373|3|570|0
2026|2398|2|570|0
2026|764|5|570|0
2026|296|2|570|0
2026|2986|3|573|0
2026|2372|5|573|0
2026|907|6|573|0
2026|2889|4|573|0
2026|521|2|573|0
2026|2364|3|573|0
2026|2695|4|573|0
2026|2677|1|579|1
2026|3094|1|579|1
2026|3157|1|579|1
2026|2601|1|579|1
2026|2698|1|579|1
2026|2731|1|579|1
2026|2445|2|579|0
2026|3201|4|579|0
2026|2977|5|579|0
2026|3048|2|579|0
2026|2534|3|579|0
2026|3185|2|579|0
2026|2564|5|579|0
2026|2671|1|579|1
2026|792|1|582|1
2026|223|1|582|1
2026|400|1|582|1
2026|652|1|582|1
2026|649|1|582|1
2026|2602|1|582|1
2026|3123|1|582|1
2026|2409|1|582|1
2026|2410|1|582|1
2026|2408|1|582|1
2026|2411|1|582|1
2026|2592|1|582|1
2026|218|1|582|1
2026|2495|1|582|1
2026|2493|1|582|1
2026|2494|1|582|1
2026|2580|1|582|1
2026|2633|1|582|1
2026|559|4|582|0
2026|724|5|582|0
2026|108|1|584|1
2026|112|1|584|1
2026|2478|1|584|1
2026|3012|4|584|0
2026|2039|7|584|0
2026|374|7|584|0
2026|2243|11|584|0
2026|2089|10|584|0
2026|2100|4|584|0
2026|2637|1|584|1
2026|190|1|584|1
2026|2512|1|584|1
2026|538|3|584|0
2026|2997|6|584|0
2026|2898|2|584|0
2026|2072|9|584|0
2026|832|6|584|0
2026|2905|3|584|0
2026|2019|7|584|0
2026|2830|4|584|0
2026|2979|3|584|0
2026|2497|4|584|0
2026|976|7|584|0
2026|964|12|584|0
2026|2616|2|599|0
2026|2228|2|599|0
2026|2551|1|623|1
2026|2423|1|623|1
2026|2422|1|623|1
2026|2426|1|623|1
2026|2903|11|623|0
2026|2887|5|623|0
2026|2297|2|623|0
2026|2785|4|623|0
2026|3062|12|623|0
2026|2396|7|623|0
2026|2550|1|623|1
2026|2555|1|623|1
2026|2221|3|635|0
2026|358|3|635|0
2026|3029|3|635|0
2026|2829|4|635|0
2026|2201|6|635|0
2026|2143|5|635|0
2026|2967|4|635|0
2026|2959|1|637|1
2026|3249|1|637|1
2026|3251|1|637|1
2026|2409|7|637|0
2026|2334|2|637|0
2026|559|5|637|0
2026|3024|1|637|1
2026|2503|8|637|0
2026|2507|3|637|0
2026|2863|2|637|0
2026|2819|2|637|0
2026|2962|10|637|0
2026|2801|6|637|0
2026|883|6|637|0
2026|702|5|637|0
2026|2321|3|637|0
2026|146|2|637|0
2026|3003|5|637|0
2026|2546|10|637|0
2026|2419|10|637|0
2026|3033|8|637|0
2026|2736|10|637|0
2026|3046|8|637|0
2026|3222|4|637|0
2026|3012|5|637|0
2026|53|2|637|0
2026|190|2|637|0
2026|2282|4|637|0
2026|2515|2|637|0
2026|2408|6|637|0
2026|36|1|639|1
2026|2473|1|639|1
2026|2939|1|639|1
2026|2879|4|639|0
2026|2169|7|639|0
2026|2766|1|639|1
2026|213|1|639|1
2026|2895|1|639|1
2026|2858|7|639|0
2026|2382|3|639|0
2026|3253|5|639|0
2026|2465|7|639|0
2026|2784|7|639|0
2026|2786|6|639|0
2026|491|5|639|0
2026|195|13|639|0
2026|3148|4|639|0
2026|3147|4|639|0
2026|3146|5|639|0
2026|526|2|639|0
2026|406|7|639|0
2026|325|17|639|0
2026|702|6|639|0
2026|584|4|639|0
2026|2989|3|639|0
2026|2265|3|639|0
2026|2227|8|639|0
2026|2710|3|639|0
2026|3063|5|639|0
2026|2833|5|639|0
2026|2962|4|639|0
2026|2528|13|639|0
2026|2521|3|639|0
2026|2599|7|639|0
2026|262|3|639|0
2026|2517|6|639|0
2026|2506|5|639|0
2026|2464|11|639|0
2026|2020|7|639|0
2026|2272|9|639|0
2026|2274|5|639|0
2026|2438|5|639|0
2026|263|3|639|0
2026|2667|6|639|0
2026|2749|11|639|0
2026|2917|6|639|0
2026|2879|8|656|0
2026|2016|22|656|0
2026|2408|8|656|0
2026|2495|9|656|0
2026|2959|10|656|0
2026|2968|7|656|0
2026|910|5|656|0
2026|907|8|656|0
2026|877|4|656|0
2026|2559|1|656|1
2026|3074|5|656|0
2026|2910|5|656|0
2026|223|6|656|0
2026|1105|9|656|0
2026|218|10|656|0
2026|908|5|656|0
2026|2588|2|662|0
2026|2021|11|662|0
2026|2022|6|662|0
2026|715|6|662|0
2026|2789|4|662|0
2026|2396|10|662|0
2026|2519|2|662|0
2026|58|9|662|0
2026|2459|10|662|0
2026|2358|2|662|0
2026|3151|9|662|0
2026|2390|10|662|0
2026|761|1|669|1
2026|3072|1|669|1
2026|3211|2|669|0
2026|3105|3|669|0
2026|3178|2|669|0
2026|2845|3|669|0
2026|2825|3|669|0
2026|791|2|669|0
2026|3078|1|669|1
2026|3080|1|669|1
2026|2693|2|676|0
2026|128|5|676|0
2026|2323|10|676|0
2026|2357|7|676|0
2026|3061|6|676|0
2026|2298|5|676|0
2026|2448|2|676|0
2026|974|3|676|0
2026|2322|6|676|0
2026|214|8|676|0
2026|364|5|676|0
2026|2276|2|676|0
2026|2331|2|676|0
2026|2520|1|678|1
2026|2379|1|678|1
2026|2775|3|678|0
2026|2489|1|678|1
2026|2414|1|678|1
2026|2150|10|678|0
2026|2269|13|678|0
2026|2490|1|678|1
2026|2243|8|678|0
2026|3191|7|678|0
2026|2095|10|678|0
2026|2809|3|678|0
2026|380|5|678|0
2026|2553|3|678|0
2026|2318|3|678|0
2026|2323|3|678|0
2026|2288|3|678|0
2026|2372|2|678|0
2026|610|6|678|0
2026|2174|11|678|0
2026|3209|5|678|0
2026|2562|3|678|0
2026|2953|3|678|0
2026|600|5|678|0
2026|2360|3|678|0
2026|2552|3|678|0
2026|2770|3|678|0
2026|257|2|678|0
2026|2664|3|678|0
2026|2675|4|678|0
2026|2742|3|678|0
2026|2772|7|678|0
2026|2500|7|678|0
2026|2839|3|678|0
2026|2975|4|679|0
2026|2921|2|679|0
2026|3173|2|679|0
2026|2876|2|679|0
2026|3009|4|679|0
2026|2699|5|679|0
2026|2620|2|679|0
2026|2711|2|679|0
2026|3000|10|679|0
2026|2447|3|679|0
2026|2140|18|679|0
2026|2972|3|679|0
2026|2860|2|679|0
2026|2866|2|679|0
2026|45|5|679|0
2026|95|2|679|0
2026|2936|2|679|0
2026|2808|1|687|1
2026|410|1|687|1
2026|667|1|687|1
2026|2292|5|687|0
2026|2780|1|687|1
2026|2842|1|687|1
2026|3227|7|687|0
2026|860|1|692|1
2026|782|1|692|1
2026|90|1|692|1
2026|559|1|692|1
2026|218|2|692|0
2026|223|2|692|0
2026|832|3|692|0
2026|534|2|692|0
2026|192|1|692|1
2026|212|20|692|0
2026|53|5|692|0
2026|296|3|692|0
2026|91|2|692|0
2026|396|2|692|0
2026|400|2|692|0
2026|193|17|692|0
2026|592|2|692|0
2026|2571|3|694|0
2026|2649|3|694|0
2026|2256|8|694|0
2026|3247|3|694|0
2026|2871|3|694|0
2026|2915|3|694|0
2026|2990|3|694|0
2026|16|3|694|0
2026|2160|8|694|0
2026|2196|10|694|0
2026|2087|14|694|0
2026|2155|13|694|0
2026|2314|4|694|0
2026|374|3|694|0
2026|2574|3|694|0
2026|2488|3|694|0
2026|2616|9|698|0
2026|600|1|700|1
2026|610|1|700|1
2026|3191|1|700|1
2026|2570|5|700|0
2026|2743|6|700|0
2026|2675|9|700|0
2026|2772|1|700|1
2026|2617|2|700|0
2026|2463|5|700|0
2026|3245|3|700|0
2026|2089|12|700|0
2026|2318|5|700|0
2026|380|4|700|0
2026|3221|7|700|0
2026|3198|11|700|0
2026|2871|6|700|0
2026|2915|6|700|0
2026|3105|6|700|0
2026|2407|4|700|0
2026|2145|7|700|0
2026|2622|2|700|0
2026|2571|5|700|0
2026|2244|9|700|0
2026|2039|9|700|0
2026|2454|8|720|0
2026|2565|5|720|0
2026|3086|4|720|0
2026|2424|8|720|0
2026|3199|2|720|0
2026|3250|6|720|0
2026|2647|6|720|0
2026|2514|2|720|0
2026|3257|7|720|0
2026|3199|4|733|0
2026|2045|5|733|0
2026|2182|9|736|0
2026|2760|6|736|0
2026|2505|3|736|0
2026|229|8|736|0
2026|226|15|736|0
2026|2028|11|736|0
2026|824|2|736|0
2026|2524|6|736|0
2026|2622|4|742|0
2026|2428|6|742|0
2026|3090|10|742|0
2026|3201|2|742|0
2026|790|4|742|0
2026|19|7|742|0
2026|824|3|742|0
2026|2978|4|742|0
2026|149|7|746|0
2026|3112|4|752|0
2026|2168|5|752|0
2026|3052|12|752|0
2026|3252|1|752|1
2026|2860|1|755|1
2026|313|1|755|1
2026|2936|1|755|1
2026|2866|1|755|1
2026|824|1|755|1
2026|2831|1|755|1
2026|2867|1|755|1
2026|2874|1|755|1
2026|2876|1|755|1
2026|2838|1|755|1
2026|3185|4|755|0
2026|2250|6|755|0
2026|3198|3|755|0
2026|2199|11|755|0
2026|2921|1|755|1
2026|3173|1|755|1
2026|19|4|755|0
2026|2507|4|755|0
2026|2072|8|755|0
2026|2448|4|755|0
2026|2541|5|755|0
2026|3048|4|755|0
2026|2487|2|755|0
2026|2249|7|755|0
2026|2198|3|755|0
2026|2791|3|755|0
2026|790|5|755|0
2026|2375|2|755|0
2026|2454|4|755|0
2026|2428|5|755|0
2026|2569|6|755|0
2026|2534|6|755|0
2026|2963|4|755|0
2026|3156|3|755|0
2026|317|1|768|1
2026|3110|3|768|0
2026|2057|12|768|0
2026|2829|11|768|0
2026|120|13|768|0
2026|2621|8|768|0
2026|2916|6|768|0
2026|15|10|768|0
2026|521|7|768|0
2026|2986|6|768|0
2026|2845|9|768|0
2026|2031|10|768|0
2026|2301|1|771|1
2026|2338|1|771|1
2026|2821|2|771|0
2026|2277|7|771|0
2026|505|1|779|1
2026|504|1|779|1
2026|2368|1|779|1
2026|2335|1|779|1
2026|3100|1|779|1
2026|3194|1|779|1
2026|3166|1|779|1
2026|3186|1|779|1
2026|3098|1|779|1
2026|3055|1|779|1
2026|2401|5|779|0
2026|2760|10|779|0
2026|2849|4|779|0
2026|2923|1|779|1
2026|3026|1|779|1
2026|3117|1|779|1
2026|2420|6|779|0
2026|3149|9|779|0
2026|3153|6|779|0
2026|2151|10|779|0
2026|2109|13|779|0
2026|832|7|779|0
2026|2321|8|779|0
2026|907|4|779|0
2026|406|5|779|0
2026|346|7|779|0
2026|1169|9|779|0
2026|2503|10|779|0
2026|680|3|779|0
2026|715|5|779|0
2026|883|9|779|0
2026|1049|8|779|0
2026|2337|10|779|0
2026|684|6|779|0
2026|3238|1|779|1
2026|2374|1|779|1
2026|2835|1|779|1
2026|2449|7|779|0
2026|3052|9|779|0
2026|3063|6|779|0
2026|3196|1|779|1
2026|3207|1|779|1
2026|3212|1|779|1
2026|3232|1|779|1
2026|3234|1|779|1
2026|3235|1|779|1
2026|976|10|781|0
2026|764|8|781|0
2026|2875|1|789|1
2026|2570|8|789|0
2026|2441|9|789|0
2026|3169|4|789|0
2026|3170|2|789|0
2026|3066|10|789|0
2026|10|3|789|0
2026|3077|9|789|0
2026|2593|3|789|0
2026|2790|1|789|1
2026|3061|1|789|1
2026|910|1|791|1
2026|3082|1|791|1
2026|3084|1|791|1
2026|3073|1|791|1
2026|2066|5|791|0
2026|2616|7|791|0
2026|3158|1|791|1
2026|908|1|791|1
2026|907|1|791|1
2026|2768|2|791|0
2026|680|7|791|0
2026|306|3|791|0
2026|2559|5|791|0
2026|832|9|791|0
2026|877|5|791|0
2026|645|1|792|1
2026|2526|4|792|0
2026|2617|7|792|0
2026|2645|2|806|0
2026|2522|2|806|0
2026|2498|4|806|0
2026|2473|5|806|0
2026|2823|2|806|0
2026|3044|2|806|0
2026|3041|2|806|0
2026|3233|2|815|0
2026|2855|3|815|0
2026|2762|1|815|1
2026|2377|1|836|1
2026|2400|1|836|1
2026|576|1|836|1
2026|691|1|836|1
2026|2382|1|836|1
2026|2043|5|836|0
2026|2035|11|836|0
2026|2705|9|836|0
2026|2036|10|836|0
2026|832|2|836|0
2026|679|2|836|0
2026|2437|9|836|0
2026|3167|2|836|0
2026|2358|4|836|0
2026|2464|5|836|0
2026|3016|2|836|0
2026|11|7|836|0
2026|2503|2|836|0
2026|2473|10|836|0
2026|2296|11|836|0
2026|3063|8|836|0
2026|153|3|836|0
2026|3060|2|836|0
2026|2533|2|836|0
2026|2245|12|836|0
2026|2438|8|836|0
2026|3240|1|836|1
2026|819|1|836|1
2026|2766|2|836|0
2026|2366|1|836|1
2026|715|1|836|1
2026|3209|1|836|1
2026|2932|1|841|1
2026|2834|8|841|0
2026|2845|5|841|0
2026|2055|22|841|0
2026|2731|3|841|0
2026|2877|2|841|0
2026|2856|7|841|0
2026|3182|5|841|0
2026|3078|5|841|0
2026|2112|12|841|0
2026|3179|7|841|0
2026|312|10|841|0
2026|471|2|841|0
2026|2894|2|841|0
2026|2348|3|841|0
2026|2443|2|841|0
2026|3070|4|841|0
2026|3072|5|841|0
2026|3080|5|841|0
2026|2399|2|841|0
2026|2428|2|841|0
2026|223|8|841|0
2026|784|3|841|0
2026|2244|8|859|0
2026|2274|8|859|0
2026|268|1|859|1
2026|2358|1|859|1
2026|2889|8|859|0
2026|948|6|859|0
2026|2022|4|859|0
2026|2829|7|859|0
2026|2988|1|863|1
2026|2985|1|863|1
2026|2911|9|863|0
2026|2251|11|863|0
2026|2975|6|863|0
2026|2274|4|863|0
2026|2175|12|863|0
2026|2173|8|863|0
2026|2680|6|863|0
2026|2989|1|863|1
2026|1077|7|863|0
2026|1043|3|863|0
2026|2669|8|863|0
2026|2177|10|863|0
2026|3052|6|863|0
2026|3253|4|863|0
2026|2631|5|863|0
2026|325|19|863|0
2026|802|7|863|0
2026|373|4|863|0
2026|391|7|863|0
2026|584|3|863|0
2026|3018|7|863|0
2026|2888|2|863|0
2026|2265|2|863|0
2026|2227|6|863|0
2026|3104|8|863|0
2026|2940|9|863|0
2026|2697|10|863|0
2026|2272|8|863|0
2026|2498|8|863|0
2026|2277|9|863|0
2026|2022|8|863|0
2026|2263|3|863|0
2026|2768|8|863|0
2026|2944|8|863|0
2026|2751|8|863|0
2026|225|8|863|0
2026|3053|5|863|0
2026|3065|2|863|0
2026|784|1|880|1
2026|791|1|880|1
2026|3178|1|880|1
2026|3179|1|880|1
2026|3224|1|880|1
2026|3078|2|880|0
2026|3182|8|880|0
2026|232|1|880|1
2026|2880|1|880|1
2026|2443|4|880|0
2026|2702|6|880|0
2026|471|7|880|0
2026|2894|3|880|0
2026|761|2|880|0
2026|206|3|880|0
2026|3227|3|880|0
2026|3072|2|880|0
2026|3080|2|880|0
2026|312|3|880|0
2026|2946|1|880|1
2026|2834|2|880|0
2026|2845|2|880|0
2026|3017|2|880|0
2026|2803|3|880|0
2026|720|1|893|1
2026|559|2|893|0
2026|3063|1|901|1
2026|3067|1|901|1
2026|3071|1|901|1
2026|2449|6|901|0
2026|3065|1|901|1
2026|3069|1|901|1
2026|2511|9|901|0
2026|2849|3|901|0
2026|3251|3|901|0
2026|2985|8|901|0
2026|3148|5|901|0
2026|2989|7|901|0
2026|2801|10|901|0
2026|2440|8|901|0
2026|1042|9|901|0
2026|1088|7|901|0
2026|1006|6|901|0
2026|839|9|901|0
2026|346|6|901|0
2026|923|9|901|0
2026|3153|4|901|0
2026|684|5|901|0
2026|907|3|901|0
2026|91|4|901|0
2026|66|6|901|0
2026|1142|4|901|0
2026|2376|5|901|0
2026|2337|6|901|0
2026|1019|7|901|0
2026|2321|5|901|0
2026|505|2|901|0
2026|1122|9|901|0
2026|504|4|901|0
2026|2501|9|901|0
2026|2931|6|901|0
2026|488|8|901|0
2026|715|3|901|0
2026|557|4|901|0
2026|2968|5|901|0
2026|605|9|901|0
2026|213|4|901|0
2026|3159|8|901|0
2026|198|2|901|0
2026|2918|6|901|0
2026|2538|1|902|1
2026|15|3|902|0
2026|2194|7|902|0
2026|2037|10|902|0
2026|2043|8|902|0
2026|2199|10|902|0
2026|172|7|902|0
2026|2913|8|902|0
2026|2466|10|902|0
2026|2052|5|902|0
2026|2156|9|902|0
2026|2680|4|902|0
2026|1003|5|902|0
2026|2517|8|902|0
2026|2365|7|902|0
2026|2419|2|902|0
2026|2471|9|902|0
2026|2754|9|903|0
2026|225|5|903|0
2026|3035|5|903|0
2026|2710|4|903|0
2026|268|4|903|0
2026|2290|8|903|0
2026|2848|5|903|0
2026|2454|1|904|1
2026|3221|1|904|1
2026|2725|1|904|1
2026|2500|1|904|1
2026|2617|9|904|0
2026|2047|10|904|0
2026|3090|1|904|1
2026|2910|4|904|0
2026|2940|4|904|0
2026|3270|6|904|0
2026|2463|2|904|0
2026|2242|9|904|0
2026|3104|2|904|0
2026|2456|9|904|0
2026|2240|9|904|0
2026|3055|2|904|0
2026|2249|9|904|0
2026|2237|5|904|0
2026|2271|6|904|0
2026|2241|12|904|0
2026|2147|12|904|0
2026|2257|8|904|0
2026|2845|7|904|0
2026|764|2|904|0
2026|2534|7|904|0
2026|2487|5|904|0
2026|2424|2|904|0
2026|2441|2|904|0
2026|2437|1|905|1
2026|2438|1|905|1
2026|2476|1|905|1
2026|66|1|905|1
2026|2549|1|905|1
2026|2464|1|905|1
2026|3233|6|905|0
2026|2800|2|905|0
2026|90|8|905|0
2026|3107|5|905|0
2026|172|8|905|0
2026|252|7|905|0
2026|491|3|905|0
2026|2528|9|905|0
2026|3016|10|905|0
2026|1008|6|905|0
2026|2392|8|905|0
2026|2405|2|905|0
2026|2359|2|905|0
2026|2501|10|905|0
2026|2873|3|905|0
2026|2404|2|905|0
2026|3209|3|905|0
2026|2599|6|905|0
2026|2406|2|905|0
2026|406|9|905|0
2026|2350|2|905|0
2026|2402|2|905|0
2026|2897|10|905|0
2026|2559|2|905|0
2026|3126|2|905|0
2026|3140|5|905|0
2026|2473|7|905|0
2026|2656|5|905|0
2026|2661|4|905|0
2026|2954|5|905|0
2026|2920|9|905|0
2026|2884|8|905|0
2026|2766|9|907|0
2026|2700|3|907|0
2026|213|8|907|0
2026|263|5|907|0
2026|2705|7|907|0
2026|53|3|907|0
2026|2605|9|907|0
2026|3131|8|907|0
2026|2020|8|907|0
2026|2955|4|907|0
2026|702|9|907|0
2026|2786|8|907|0
2026|248|1|909|1
2026|2786|1|909|1
2026|2766|10|909|0
2026|263|6|909|0
2026|2705|8|909|0
2026|2643|3|909|0
2026|2797|1|909|1
2026|2605|1|909|1
2026|3131|1|909|1
2026|2282|3|909|0
2026|2895|9|909|0
2026|36|7|909|0
2026|3165|9|909|0
2026|2148|14|909|0
2026|2813|1|909|1
2026|2968|11|909|0
2026|229|9|909|0
2026|908|2|909|0
2026|226|17|909|0
2026|702|10|909|0
2026|910|2|909|0
2026|2041|8|909|0
2026|262|6|909|0
2026|2534|9|909|0
2026|2002|10|909|0
2026|2955|5|909|0
2026|2503|11|909|0
2026|3088|4|915|0
2026|2479|11|915|0
2026|2365|1|920|1
2026|2403|1|920|1
2026|2282|1|920|1
2026|2295|1|920|1
2026|2317|1|920|1
2026|2287|1|920|1
2026|2604|1|920|1
2026|2635|1|920|1
2026|2328|1|920|1
2026|3233|8|920|0
2026|2307|3|920|0
2026|2384|7|920|0
2026|832|8|920|0
2026|502|7|920|0
2026|623|8|920|0
2026|2302|4|920|0
2026|3041|8|920|0
2026|91|6|920|0
2026|58|4|920|0
2026|2293|4|920|0
2026|66|10|920|0
2026|2312|8|920|0
2026|2306|6|920|0
2026|2788|14|920|0
2026|2652|12|920|0
2026|2415|9|920|0
2026|786|8|920|0
2026|2289|1|920|1
2026|2294|1|920|1
2026|2721|8|920|0
2026|2777|7|920|0
2026|3183|8|920|0
2026|225|9|920|0
2026|2940|18|926|0
2026|2959|17|926|0
2026|2094|5|926|0
2026|3258|9|926|0
2026|2255|3|926|0
2026|2006|4|926|0
2026|2040|5|926|0
2026|2057|6|926|0
2026|2092|3|926|0
2026|2005|3|926|0
2026|2016|4|926|0
2026|2017|2|926|0
2026|3052|14|926|0
2026|3264|3|926|0
2026|3266|12|926|0
2026|3089|10|926|0
2026|325|6|926|0
2026|2469|8|926|0
2026|193|11|926|0
2026|229|4|926|0
2026|2004|6|926|0
2026|2298|12|926|0
2026|2305|6|926|0
2026|1022|5|926|0
2026|3081|8|926|0
2026|2336|12|926|0
2026|2277|16|926|0
2026|2096|11|926|0
2026|3104|15|926|0
2026|2729|12|926|0
2026|226|4|926|0
2026|2148|8|926|0
2026|1107|3|926|0
2026|2193|8|926|0
2026|2196|6|926|0
2026|2211|9|926|0
2026|2216|12|926|0
2026|2220|7|926|0
2026|2225|4|926|0
2026|2110|8|926|0
2026|2140|11|926|0
2026|2141|10|926|0
2026|2142|5|926|0
2026|2164|8|926|0
2026|2179|5|926|0
2026|2058|8|926|0
2026|2067|6|926|0
2026|2068|10|926|0
2026|2069|7|926|0
2026|2088|11|926|0
2026|2106|4|926|0
2026|2025|6|926|0
2026|2030|9|926|0
2026|2035|4|926|0
2026|2036|4|926|0
2026|2037|5|926|0
2026|2049|6|926|0
2026|2251|5|926|0
2026|2245|7|926|0
2026|2218|4|926|0
2026|2235|7|926|0
2026|2599|13|926|0
2026|2013|4|926|0
2026|2155|2|926|0
2026|2521|12|926|0
2026|2105|7|926|0
2026|2119|8|926|0
2026|2169|5|926|0
2026|2175|6|926|0
2026|2117|10|926|0
2026|2160|3|926|0
2026|2814|10|926|0
2026|2816|10|926|0
2026|2099|3|926|0
2026|2165|2|926|0
2026|2151|3|926|0
2026|2086|3|926|0
2026|2087|5|926|0
2026|2149|3|926|0
2026|2041|2|926|0
2026|2002|3|926|0
2026|3106|9|926|0
2026|2365|11|926|0
2026|3140|7|926|0
2026|3143|9|926|0
2026|2023|3|926|0
2026|2116|2|926|0
2026|2028|3|926|0
2026|2755|16|926|0
2026|3085|10|926|0
2026|3113|10|926|0
2026|3174|10|926|0
2026|2887|12|926|0
2026|2178|4|926|0
2026|2182|3|926|0
2026|2187|4|926|0
2026|2223|2|926|0
2026|2003|2|926|0
2026|2015|6|926|0
2026|936|1|926|1
2026|923|1|926|1
2026|921|1|926|1
2026|2971|11|926|0
2026|2892|10|926|0
2026|2174|3|926|0
2026|1056|1|926|1
2026|1044|1|926|1
2026|2239|1|926|1
2026|2063|1|926|1
2026|2064|1|926|1
2026|2120|1|926|1
2026|2034|1|926|1
2026|2181|1|926|1
2026|2033|1|926|1
2026|2184|1|926|1
2026|2186|1|926|1
2026|2228|1|926|1
2026|2065|1|926|1
2026|2066|1|926|1
2026|212|1|928|1
2026|2020|1|928|1
2026|2054|1|928|1
2026|2149|1|928|1
2026|2176|1|928|1
2026|195|1|928|1
2026|2211|4|928|0
2026|2214|2|928|0
2026|2216|6|928|0
2026|2275|4|928|0
2026|2113|5|928|0
2026|2141|5|928|0
2026|2150|2|928|0
2026|2158|5|928|0
2026|2164|2|928|0
2026|2173|4|928|0
2026|2245|6|928|0
2026|2251|4|928|0
2026|2720|13|928|0
2026|3191|14|928|0
2026|2029|3|928|0
2026|2030|5|928|0
2026|2092|4|928|0
2026|2108|9|928|0
2026|2111|2|928|0
2026|2128|4|928|0
2026|2254|2|928|0
2026|2243|3|928|0
2026|3269|11|928|0
2026|3029|11|928|0
2026|2849|13|928|0
2026|2006|5|928|0
2026|2040|6|928|0
2026|2057|7|928|0
2026|3146|14|928|0
2026|2004|5|928|0
2026|2005|2|928|0
2026|2008|2|928|0
2026|2016|2|928|0
2026|3267|3|928|0
2026|2315|11|928|0
2026|2503|12|928|0
2026|2297|3|928|0
2026|2985|11|928|0
2026|3148|13|928|0
2026|3147|14|928|0
2026|610|14|928|0
2026|573|12|928|0
2026|226|3|928|0
2026|923|2|928|0
2026|2786|9|928|0
2026|2296|14|928|0
2026|2391|12|928|0
2026|193|3|928|0
2026|713|6|928|0
2026|2833|11|928|0
2026|984|2|928|0
2026|248|11|928|0
2026|3264|2|928|0
2026|3265|3|928|0
2026|994|2|928|0
2026|192|13|928|0
2026|2685|2|928|0
2026|2815|8|928|0
2026|3035|15|928|0
2026|1044|3|928|0
2026|680|11|928|0
2026|724|8|928|0
2026|715|8|928|0
2026|2729|13|928|0
2026|2118|4|928|0
2026|2157|5|928|0
2026|2199|5|928|0
2026|2185|2|928|0
2026|2103|3|928|0
2026|229|5|928|0
2026|2013|3|928|0
2026|2068|6|928|0
2026|2069|6|928|0
2026|2096|9|928|0
2026|2110|6|928|0
2026|2112|4|928|0
2026|2140|6|928|0
2026|2134|3|928|0
2026|2126|3|928|0
2026|2914|12|928|0
2026|2699|13|928|0
2026|2599|12|928|0
2026|2099|6|928|0
2026|2165|3|928|0
2026|2224|25|928|0
2026|2048|2|928|0
2026|2088|5|928|0
2026|2095|5|928|0
2026|2102|5|928|0
2026|2284|16|928|0
2026|3066|12|928|0
2026|2718|10|928|0
2026|2024|3|928|0
2026|2086|5|928|0
2026|2077|5|928|0
2026|2056|5|928|0
2026|2117|9|928|0
2026|2151|4|928|0
2026|2026|3|928|0
2026|2055|3|928|0
2026|2605|10|928|0
2026|2109|5|928|0
2026|2148|7|928|0
2026|2498|13|928|0
2026|2939|10|928|0
2026|2022|3|928|0
2026|2178|6|928|0
2026|2015|9|928|0
2026|2747|12|928|0
2026|2772|14|928|0
2026|600|13|928|0
2026|2517|11|928|0
2026|2028|5|928|0
2026|2034|2|928|0
2026|2115|3|928|0
2026|2123|3|928|0
2026|2132|2|928|0
2026|2174|4|928|0
2026|931|1|928|1
2026|2700|4|928|0
2026|2167|3|928|0
2026|2354|6|928|0
2026|2892|8|928|0
2026|2027|6|928|0
2026|1166|1|928|1
2026|1147|1|928|1
2026|1128|1|928|1
2026|2206|1|928|1
2026|325|1|928|1
2026|2091|1|928|1
2026|2074|1|928|1
2026|2116|1|928|1
2026|2023|1|928|1
2026|2169|1|928|1
2026|2207|1|928|1
2026|2159|1|928|1
2026|948|7|932|0
2026|573|7|932|0
2026|2384|5|932|0
2026|3081|5|932|0
2026|26|4|932|0
2026|24|4|932|0
2026|2381|5|932|0
2026|695|4|932|0
2026|153|10|936|0
2026|2285|11|936|0
2026|724|1|943|1
2026|832|1|943|1
2026|680|1|943|1
2026|2813|7|943|0
2026|3073|3|943|0
2026|3158|2|943|0
2026|2685|1|943|1
2026|2691|1|943|1
2026|2517|1|943|1
2026|252|5|943|0
2026|491|2|943|0
2026|1042|10|943|0
2026|908|3|943|0
2026|910|3|943|0
2026|907|2|943|0
2026|2786|4|943|0
2026|1129|6|943|0
2026|3084|4|943|0
2026|2861|12|943|0
2026|1105|12|943|0
2026|218|8|943|0
2026|2066|4|943|0
2026|2265|5|943|0
2026|2039|10|944|0
2026|2001|9|944|0
2026|2476|9|944|0
2026|225|3|944|0
2026|2785|3|944|0
2026|387|1|968|1
2026|676|1|968|1
2026|2214|9|968|0
2026|2959|9|968|0
2026|1105|8|968|0
2026|3066|2|968|0
2026|538|2|968|0
2026|2277|11|968|0
2026|3177|3|968|0
2026|2652|1|968|1
2026|3075|1|974|1
2026|2942|4|974|0
2026|3170|8|974|0
2026|3169|9|974|0
2026|3094|3|974|0
2026|2678|1|974|1
2026|2757|1|974|1
2026|19|1|1056|1
2026|2128|8|1056|0
2026|2867|6|1056|0
2026|824|7|1056|0
2026|3214|9|1056|0
2026|410|3|1056|0
2026|2199|9|1056|0
2026|2838|12|1056|0
2026|2926|4|1056|0
2026|313|4|1056|0
2026|2904|3|1056|0
2026|2831|3|1056|0
2026|2541|2|1056|0
2026|2302|1|2458|1
2026|2304|1|2458|1
2026|2299|1|2458|1
2026|2293|1|2458|1
2026|2333|1|2458|1
2026|2604|2|2458|0
2026|2328|11|2458|0
2026|2686|5|2458|0
2026|3078|4|2458|0
2026|2329|1|2458|1
2026|132|4|2458|0
2026|2347|8|2458|0
2026|2507|5|2458|0
2026|2427|3|2458|0
2026|2294|12|2458|0
2026|2295|11|2458|0
2026|2487|7|2458|0
2026|2441|3|2458|0
2026|3072|4|2458|0
2026|3080|4|2458|0
2026|391|6|2458|0
2026|2921|8|2458|0
2026|2594|3|2458|0
2026|2287|10|2458|0
2026|2499|9|2458|0
2026|2481|4|2458|0
2026|2468|1|4027|1
2026|2869|3|4027|0
2026|2465|10|4027|0
2026|2895|6|4027|0
2026|2337|8|4027|0
2026|2352|13|4027|0
2026|2605|8|4027|0
2026|3131|7|4027|0
2026|2705|6|4027|0
2026|3159|9|4027|0
2026|3021|1|4998|1
2026|3022|1|4998|1
2026|526|1|5122|1
2026|2955|1|5122|1
2026|2960|1|5122|1
2026|2657|1|5122|1
2026|2643|1|5122|1
2026|262|1|5122|1
2026|263|1|5122|1
2026|2786|3|5122|0
2026|491|6|5122|0
2026|702|3|5122|0
2026|2282|2|5122|0
2026|2403|7|5122|0
2026|635|3|5122|0
2026|605|8|5122|0
2026|2391|11|5122|0
2026|2788|11|5122|0
2026|2605|4|5122|0
2026|3131|4|5122|0
2026|2774|1|5122|1
2026|2711|6|5772|0
2026|2270|7|5772|0
2026|2734|10|5772|0
2026|2605|6|5772|0
2026|2939|6|5772|0
2026|2665|7|5772|0
2026|2811|6|5772|0
2026|610|4|5772|0
2026|296|10|5772|0
2026|36|5|5772|0
2026|206|2|5772|0
2026|48|7|5772|0
2026|3147|3|5772|0
2026|2521|6|5772|0
2026|2996|12|5772|0
2026|1|5|5772|0
2026|325|18|5772|0
2026|373|2|5772|0
2026|2277|6|5772|0
2026|3160|1|6938|1
2026|2772|5|6938|0
2026|2419|12|6938|0
2026|214|6|6938|0
2026|2950|10|6938|0
2026|2677|4|6938|0
2026|3191|4|6938|0
2026|2815|1|6966|1
2026|2981|1|6966|1
2026|2643|2|6966|0
2026|2724|4|6966|0
2026|2569|5|6966|0
2026|3131|6|6966|0
2026|2307|2|6966|0
2026|2705|11|6966|0
2026|2682|1|6966|1
2026|2583|1|6966|1
2026|2790|4|6966|0
2026|2238|8|6966|0
2026|2518|6|6966|0
2026|2048|10|6966|0
2026|1112|6|6966|0
2026|2126|14|6966|0
2026|452|1|7144|1
2026|2239|7|7144|0
2026|2749|1|7144|1
2026|2997|1|7144|1
2026|2533|1|7144|1
2026|2088|15|7144|0
2026|2095|11|7144|0
2026|2030|11|7144|0
2026|2150|11|7144|0
2026|2243|12|7144|0
2026|2031|6|7144|0
2026|2051|11|7144|0
2026|2098|4|7144|0
2026|2760|9|7144|0
2026|2986|5|7144|0
2026|3070|3|7144|0
2026|2464|7|7144|0
2026|2008|12|7144|0
2026|2017|16|7144|0
2026|3236|13|7144|0
2026|2279|5|7144|0
2026|491|7|7144|0
2026|317|4|7144|0
2026|2005|18|7144|0
2026|2032|9|7144|0
2026|2327|8|7144|0
2026|964|14|7144|0
2026|1022|9|7144|0
2026|2383|8|7144|0
2026|598|6|7144|0
2026|2439|4|7144|0
2026|2372|9|7144|0
2026|2313|8|7144|0
2026|1008|5|7144|0
2026|584|7|7144|0
2026|1122|10|7144|0
2026|2359|6|7144|0
2026|1049|7|7144|0
2026|476|7|7144|0
2026|794|5|7144|0
2026|2710|9|7144|0
2026|994|5|7144|0
2026|2916|2|7144|0
2026|3092|7|7144|0
2026|3006|8|7144|0
2026|2907|7|7144|0
2026|488|10|7144|0
2026|2102|12|7144|0
2026|2055|16|7144|0
2026|2228|3|7144|0
2026|2016|20|7144|0
2026|2224|35|7144|0
2026|2165|17|7144|0
2026|2868|9|7144|0
2026|2549|8|7144|0
2026|2364|5|7144|0
2026|3118|6|7144|0
2026|2596|4|7144|0
2026|2695|7|7144|0
2026|2320|8|7144|0
2026|3231|7|7144|0
2026|2057|10|7144|0
2026|2879|7|7144|0
2026|3023|10|7144|0
2026|2167|8|7144|0
2026|3054|1|7144|1
2026|2344|1|7144|1
2026|48|1|7144|1
2026|2469|1|7144|1
2026|2027|12|7144|0
2026|740|1|7267|1
2026|2950|1|7267|1
2026|2656|2|7267|0
2026|3110|4|7267|0
2026|2962|1|7267|1
2026|3181|2|7267|0
2026|2720|2|7267|0
2026|2959|5|7267|0
2026|3174|1|7267|1
2026|2466|3|7267|0
2026|3153|2|7267|0
2026|2539|2|7267|0
2026|2464|2|7267|0
2026|2858|2|7267|0
2026|2337|2|7267|0
2026|984|4|7267|0
2026|2889|2|7267|0
2026|2437|3|7267|0
2026|2970|5|7267|0
2026|2037|12|7267|0
2026|2036|11|7267|0
2026|2784|11|7267|0
2026|2857|2|7267|0
2026|2499|3|7267|0
2026|3002|6|7267|0
2026|2589|5|7267|0
2026|2591|5|7267|0
2026|2645|3|7267|0
2026|2438|2|7267|0
2026|2705|2|7267|0
2026|2801|2|7267|0
2026|2995|2|7267|0
2026|2672|3|8023|0
2026|153|7|8023|0
2026|2470|8|8023|0
2026|2903|9|8023|0
2026|1|8|8023|0
2026|2589|3|8023|0
2026|2591|3|8023|0
2026|749|1|8274|1
2026|2839|1|8274|1
2026|284|1|8274|1
2026|2712|5|8274|0
2026|3208|2|8274|0
2026|2805|1|8274|1
2026|2721|1|8274|1
2026|2742|1|8274|1
2026|2770|1|8274|1
2026|2328|10|8274|0
2026|2736|8|8274|0
2026|2775|1|8274|1
2026|2648|1|8274|1
2026|2664|1|8274|1
2026|2553|4|8274|0
2026|3134|5|8274|0
2026|3135|5|8274|0
2026|3237|5|8274|0
2026|2542|2|8274|0
2026|605|3|8274|0
2026|786|4|8274|0
2026|3236|4|8274|0
2026|3183|3|8274|0
2026|3114|4|8274|0
2026|2312|3|8274|0
2026|2552|4|8274|0
2026|739|4|8299|0
2026|2391|1|8324|1
2026|2315|1|8324|1
2026|2030|15|8324|0
2026|2679|6|8324|0
2026|2626|4|8324|0
2026|2511|4|8324|0
2026|3172|5|8324|0
2026|192|12|8324|0
2026|2522|8|8324|0
2026|3054|6|8324|0
2026|2452|5|8324|0
2026|3032|6|8324|0
2026|3042|6|8324|0
2026|2852|4|8324|0
2026|3068|3|8324|0
2026|3005|3|8324|0
2026|3092|6|8324|0
2026|2521|5|8324|0
2026|3242|3|8324|0
2026|3008|5|8324|0
2026|2272|7|8324|0
2026|2498|9|8324|0
2026|3051|2|8324|0
2026|2868|5|8324|0
2026|2533|5|8324|0
2026|2684|2|8324|0
2026|2749|6|8324|0
2026|2251|9|8324|0
2026|3023|8|8324|0
2026|2691|4|8324|0
2026|3058|1|8324|1
2026|2829|1|8331|1
2026|3095|3|8331|0
2026|3096|3|8331|0
2026|2503|6|8331|0
2026|2888|3|8331|0
2026|3250|7|8331|0
2026|3089|3|8331|0
2026|2296|12|8331|0
2026|3081|3|8331|0
2026|3085|3|8331|0
2026|3083|3|8331|0
2026|3198|6|8331|0
2026|2552|8|8351|0
2026|2303|2|8351|0
2026|2652|10|8351|0
2026|2718|1|8351|1
2026|2914|1|8351|1
2026|3108|3|8359|0
2026|2853|2|8359|0
2026|2736|9|8359|0
2026|225|1|8359|1
2026|2785|1|8359|1
2026|91|1|8388|1
2026|2721|9|8388|0
2026|225|7|8388|0
2026|2282|5|8388|0
2026|680|4|8388|0
2026|724|4|8388|0
2026|82|1|8392|1
2026|69|1|8392|1
2026|79|1|8392|1
2026|172|3|8392|0
2026|2253|7|8392|0
2026|452|5|8392|0
2026|296|5|8392|0
2026|36|3|8392|0
2026|38|3|8392|0
2026|66|2|8392|0
2026|2533|3|8392|0
2026|2224|34|8392|0
2026|2223|6|8392|0
2026|488|9|8392|0
2026|1122|11|8392|0
2026|2391|4|8392|0
2026|2039|8|8392|0
2026|3231|3|8392|0
2026|2804|1|8407|1
2026|2807|1|8407|1
2026|2792|1|8407|1
2026|139|1|8407|1
2026|3109|5|8407|0
2026|2917|3|8407|0
2026|2799|1|8407|1
2026|2439|3|8407|0
2026|493|5|8407|0
2026|172|5|8407|0
2026|2913|4|8407|0
2026|2696|2|8407|0
2026|2661|7|8407|0
2026|284|5|8407|0
2026|3040|2|8407|0
2026|2729|10|8407|0
2026|2837|6|8407|0
2026|2634|8|8407|0
2026|2773|2|8407|0
2026|3183|7|8408|0
2026|3250|8|8408|0
2026|2913|9|8408|0
2026|2181|6|8408|0
2026|762|1|8412|1
2026|3177|1|8412|1
2026|2665|3|8412|0
2026|2968|3|8412|0
2026|3112|2|8412|0
2026|2277|4|8412|0
2026|2492|1|8412|1
2026|2109|10|8412|0
2026|2072|11|8412|0
2026|3249|3|8412|0
2026|2158|8|8412|0
2026|2748|1|8412|1
2026|3187|1|8412|1
2026|2808|7|8419|0
2026|2326|1|8479|1
2026|2323|1|8479|1
2026|2336|1|8479|1
2026|2164|10|8479|0
2026|3077|5|8479|0
2026|2740|9|8479|0
2026|3201|7|8479|0
2026|2174|9|8479|0
2026|2034|10|8479|0
2026|2010|2|8479|0
2026|450|6|8516|0
2026|2639|1|8516|1
2026|3155|1|8516|1
2026|2045|8|8537|0
2026|2647|8|8537|0
2026|3093|8|8537|0
2026|886|1|8613|1
2026|3034|1|8613|1
2026|3014|1|8613|1
2026|3046|1|8613|1
2026|878|1|8613|1
2026|2620|1|8613|1
2026|3062|1|8613|1
2026|2673|1|8613|1
2026|3011|1|8613|1
2026|2610|1|8613|1
2026|2640|1|8613|1
2026|2609|1|8613|1
2026|2613|1|8613|1
2026|2614|1|8613|1
2026|2611|1|8613|1
2026|2866|9|8613|0
2026|298|3|8613|0
2026|2936|9|8613|0
2026|3087|4|8613|0
2026|2573|1|8613|1
2026|2689|1|8613|1
2026|2360|7|8613|0
2026|2874|8|8613|0
2026|3009|5|8613|0
2026|3047|11|8613|0
2026|2977|6|8613|0
2026|2860|9|8613|0
2026|2627|1|8613|1
2026|2190|8|8613|0
2026|2921|9|8613|0
2026|2876|9|8613|0
2026|3173|9|8613|0
2026|15|5|8613|0
2026|2499|6|8615|0
2026|2347|5|8615|0
2026|2294|13|8615|0
2026|2287|11|8615|0
2026|2604|7|8615|0
2026|2834|5|8619|0
2026|2845|6|8619|0
2026|2583|4|8619|0
2026|3080|9|8619|0
2026|3249|4|8739|0
2026|3177|9|8739|0
2026|2016|9|8739|0
2026|2017|5|8739|0
2026|2060|2|8739|0
2026|2117|4|8739|0
2026|3264|5|8739|0
2026|3262|2|8739|0
2026|409|3|8739|0
2026|229|2|8739|0
2026|1107|4|8739|0
2026|1042|3|8739|0
2026|2427|4|8739|0
2026|2005|7|8739|0
2026|2102|2|8739|0
2026|2881|5|8739|0
2026|2403|13|8739|0
2026|226|5|8739|0
2026|193|7|8739|0
2026|557|3|8739|0
2026|2213|1|8739|1
2026|3259|1|8739|1
2026|2081|1|8739|1
2026|2050|1|8739|1
2026|2259|1|8739|1
2026|2099|5|8739|0
2026|2209|1|8739|1
2026|2097|1|8739|1
2026|2030|2|8740|0
2026|2095|2|8740|0
2026|2141|3|8740|0
2026|3005|20|8740|0
2026|3260|5|8740|0
2026|3267|6|8740|0
2026|3264|4|8740|0
2026|3269|7|8740|0
2026|3258|3|8740|0
2026|3251|17|8740|0
2026|120|16|8740|0
2026|53|9|8740|0
2026|317|11|8740|0
2026|3033|11|8740|0
2026|2005|5|8740|0
2026|2004|7|8740|0
2026|980|10|8740|0
2026|90|13|8740|0
2026|248|13|8740|0
2026|218|11|8740|0
2026|223|10|8740|0
2026|692|11|8740|0
2026|488|2|8740|0
2026|2501|11|8740|0
2026|2372|15|8740|0
2026|195|4|8740|0
2026|325|2|8740|0
2026|2833|15|8740|0
2026|2602|10|8740|0
2026|3243|7|8740|0
2026|3042|10|8740|0
2026|3061|8|8740|0
2026|3261|4|8740|0
2026|3263|5|8740|0
2026|2110|7|8740|0
2026|2104|6|8740|0
2026|2410|10|8740|0
2026|2096|10|8740|0
2026|2239|5|8740|0
2026|2580|10|8740|0
2026|2012|3|8740|0
2026|2191|2|8740|0
2026|2006|10|8740|0
2026|2521|13|8740|0
2026|3006|11|8740|0
2026|2188|3|8740|0
2026|2401|11|8740|0
2026|2495|11|8740|0
2026|2201|4|8740|0
2026|2099|10|8740|0
2026|2026|6|8740|0
2026|3008|12|8740|0
2026|2108|4|8740|0
2026|2624|9|8740|0
2026|3024|5|8740|0
2026|192|15|8740|0
2026|2038|12|8740|0
2026|2077|6|8740|0
2026|193|1|8740|1
2026|2024|1|8740|1
2026|2212|1|8740|1
2026|2409|12|8740|0
2026|2776|13|8740|0
2026|2034|3|8740|0
2026|2153|1|8740|1
2026|2013|1|8740|1
2026|2015|1|8740|1
2026|2006|8|8745|0
2026|2011|2|8745|0
2026|2040|9|8745|0
2026|2094|7|8745|0
2026|2155|5|8745|0
2026|2158|2|8745|0
2026|2235|6|8745|0
2026|2243|5|8745|0
2026|2253|2|8745|0
2026|2156|6|8745|0
2026|2108|8|8745|0
2026|2245|5|8745|0
2026|2051|2|8745|0
2026|2059|2|8745|0
2026|2088|3|8745|0
2026|1008|2|8745|0
2026|994|3|8745|0
2026|1107|5|8745|0
2026|2684|9|8745|0
2026|2184|3|8745|0
2026|2165|11|8745|0
2026|3266|6|8745|0
2026|3264|8|8745|0
2026|3265|4|8745|0
2026|3261|3|8745|0
2026|877|7|8745|0
2026|2903|13|8745|0
2026|2016|10|8745|0
2026|2117|5|8745|0
2026|2172|3|8745|0
2026|2087|3|8745|0
2026|3258|6|8745|0
2026|3074|7|8745|0
2026|2503|13|8745|0
2026|325|8|8745|0
2026|2005|8|8745|0
2026|2004|9|8745|0
2026|2008|5|8745|0
2026|2017|6|8745|0
2026|2322|9|8745|0
2026|406|15|8745|0
2026|3096|10|8745|0
2026|2284|12|8745|0
2026|3083|10|8745|0
2026|923|4|8745|0
2026|1122|6|8745|0
2026|296|11|8745|0
2026|66|21|8745|0
2026|3081|9|8745|0
2026|120|14|8745|0
2026|90|12|8745|0
2026|684|11|8745|0
2026|2677|6|8745|0
2026|1003|2|8745|0
2026|195|9|8745|0
2026|1022|2|8745|0
2026|980|4|8745|0
2026|2729|15|8745|0
2026|1019|3|8745|0
2026|779|13|8745|0
2026|790|2|8745|0
2026|193|8|8745|0
2026|212|6|8745|0
2026|3243|6|8745|0
2026|3104|12|8745|0
2026|3032|9|8745|0
2026|3042|9|8745|0
2026|1044|6|8745|0
2026|2940|19|8745|0
2026|2202|3|8745|0
2026|2211|6|8745|0
2026|2914|11|8745|0
2026|3006|10|8745|0
2026|2279|18|8745|0
2026|3052|17|8745|0
2026|2110|2|8745|0
2026|2140|7|8745|0
2026|2220|3|8745|0
2026|2141|6|8745|0
2026|2275|5|8745|0
2026|2239|3|8745|0
2026|2035|2|8745|0
2026|2061|5|8745|0
2026|2029|5|8745|0
2026|2043|3|8745|0
2026|2058|2|8745|0
2026|2095|6|8745|0
2026|2157|2|8745|0
2026|2216|8|8745|0
2026|2225|3|8745|0
2026|2215|2|8745|0
2026|2037|2|8745|0
2026|2036|2|8745|0
2026|2224|28|8745|0
2026|2102|7|8745|0
2026|2099|11|8745|0
2026|3030|10|8745|0
2026|2502|11|8745|0
2026|2822|7|8745|0
2026|3140|8|8745|0
2026|3143|10|8745|0
2026|2939|9|8745|0
2026|3040|12|8745|0
2026|2707|11|8745|0
2026|3023|12|8745|0
2026|3095|10|8745|0
2026|2654|3|8745|0
2026|936|2|8745|0
2026|824|11|8745|0
2026|2314|14|8745|0
2026|1169|4|8745|0
2026|2015|12|8745|0
2026|3085|11|8745|0
2026|2751|14|8745|0
2026|3113|11|8745|0
2026|3120|5|8745|0
2026|3174|11|8745|0
2026|3231|11|8745|0
2026|2218|2|8745|0
2026|2107|5|8745|0
2026|2055|12|8745|0
2026|2027|9|8745|0
2026|2026|10|8745|0
2026|2879|9|8745|0
2026|2818|9|8745|0
2026|3089|11|8745|0
2026|2900|11|8745|0
2026|2645|11|8745|0
2026|2776|11|8745|0
2026|2179|1|8745|1
2026|2003|1|8745|1
2026|2038|1|8745|1
2026|2154|5|8745|0
2026|2146|7|8745|0
2026|2019|3|8745|0
2026|2183|1|8745|1
2026|2219|1|8745|1
2026|2041|1|8745|1
2026|2148|1|8745|1
2026|2177|1|8745|1
2026|2178|1|8745|1
2026|2222|1|8745|1
2026|2002|1|8745|1
2026|2175|1|8745|1
2026|1077|1|8745|1
2026|2007|1|8745|1
2026|2182|1|8745|1
2026|229|1|8745|1
2026|2028|1|8745|1
2026|2114|1|8745|1
2026|226|1|8745|1
2026|2113|1|8747|1
2026|2004|1|8747|1
2026|2052|1|8747|1
2026|2188|1|8747|1
2026|2171|1|8747|1
2026|2190|1|8747|1
2026|2849|11|8747|0
2026|2680|11|8747|0
2026|3102|10|8747|0
2026|3264|6|8747|0
2026|3269|8|8747|0
2026|2465|11|8747|0
2026|1122|4|8747|0
2026|2872|12|8747|0
2026|2986|9|8747|0
2026|2031|2|8747|0
2026|2038|6|8747|0
2026|2109|2|8747|0
2026|2114|4|8747|0
2026|2117|3|8747|0
2026|2177|3|8747|0
2026|2801|15|8747|0
2026|2005|6|8747|0
2026|2008|4|8747|0
2026|2016|7|8747|0
2026|2017|4|8747|0
2026|2172|2|8747|0
2026|3152|11|8747|0
2026|3150|13|8747|0
2026|2669|11|8747|0
2026|3151|11|8747|0
2026|2708|7|8747|0
2026|2072|2|8747|0
2026|2284|13|8747|0
2026|364|9|8747|0
2026|488|4|8747|0
2026|1006|2|8747|0
2026|1169|3|8747|0
2026|193|10|8747|0
2026|226|6|8747|0
2026|66|22|8747|0
2026|2889|12|8747|0
2026|964|4|8747|0
2026|739|7|8747|0
2026|2055|4|8747|0
2026|1124|2|8747|0
2026|1105|4|8747|0
2026|1042|2|8747|0
2026|684|12|8747|0
2026|2350|13|8747|0
2026|1022|6|8747|0
2026|2404|12|8747|0
2026|2372|12|8747|0
2026|749|6|8747|0
2026|982|2|8747|0
2026|2833|13|8747|0
2026|1142|2|8747|0
2026|1053|3|8747|0
2026|984|3|8747|0
2026|1008|3|8747|0
2026|1049|2|8747|0
2026|476|2|8747|0
2026|2859|14|8747|0
2026|3260|2|8747|0
2026|2383|12|8747|0
2026|786|11|8747|0
2026|2452|11|8747|0
2026|195|3|8747|0
2026|2405|12|8747|0
2026|1044|5|8747|0
2026|2830|6|8747|0
2026|949|4|8747|0
2026|2962|23|8747|0
2026|1088|2|8747|0
2026|3267|5|8747|0
2026|2602|12|8747|0
2026|2140|13|8747|0
2026|2035|5|8747|0
2026|2037|6|8747|0
2026|2036|5|8747|0
2026|724|7|8747|0
2026|2410|12|8747|0
2026|2411|12|8747|0
2026|2580|12|8747|0
2026|2592|12|8747|0
2026|2103|4|8747|0
2026|2406|13|8747|0
2026|2243|7|8747|0
2026|2968|19|8747|0
2026|2162|2|8747|0
2026|2051|7|8747|0
2026|2253|5|8747|0
2026|2088|10|8747|0
2026|2272|5|8747|0
2026|2222|7|8747|0
2026|2270|3|8747|0
2026|2006|14|8747|0
2026|2040|12|8747|0
2026|2111|6|8747|0
2026|2141|9|8747|0
2026|2063|2|8747|0
2026|2119|9|8747|0
2026|2152|6|8747|0
2026|2218|5|8747|0
2026|2245|8|8747|0
2026|2150|5|8747|0
2026|2134|4|8747|0
2026|2153|3|8747|0
2026|2164|7|8747|0
2026|2030|8|8747|0
2026|2049|5|8747|0
2026|2104|5|8747|0
2026|2110|5|8747|0
2026|2013|2|8747|0
2026|2142|4|8747|0
2026|2067|5|8747|0
2026|2061|6|8747|0
2026|2099|7|8747|0
2026|2165|4|8747|0
2026|2487|10|8747|0
2026|3209|6|8747|0
2026|2258|5|8747|0
2026|2269|5|8747|0
2026|2089|2|8747|0
2026|2102|3|8747|0
2026|2224|26|8747|0
2026|2123|2|8747|0
2026|2397|3|8747|0
2026|3002|8|8747|0
2026|3141|13|8747|0
2026|2782|4|8747|0
2026|2548|11|8747|0
2026|2021|4|8747|0
2026|2078|3|8747|0
2026|2408|14|8747|0
2026|2870|5|8747|0
2026|128|6|8747|0
2026|2868|13|8747|0
2026|2884|9|8747|0
2026|2549|11|8747|0
2026|3118|14|8747|0
2026|2461|7|8747|0
2026|2676|12|8747|0
2026|2705|14|8747|0
2026|2744|12|8747|0
2026|2476|12|8747|0
2026|2751|15|8747|0
2026|2108|3|8747|0
2026|2252|2|8747|0
2026|2244|3|8747|0
2026|2034|4|8747|0
2026|2919|5|8747|0
2026|2664|6|8747|0
2026|2957|2|8747|0
2026|2485|14|8747|0
2026|2449|9|8747|0
2026|2354|7|8747|0
2026|2105|3|8747|0
2026|2107|2|8747|0
2026|2028|2|8747|0
2026|2178|3|8747|0
2026|2182|2|8747|0
2026|2775|4|8747|0
2026|2015|2|8747|0
2026|2027|4|8747|0
2026|2039|1|8747|1
2026|2194|1|8747|1
2026|975|1|8747|1
2026|2187|2|8747|0
2026|2001|2|8747|0
2026|2156|2|8747|0
2026|2025|1|8747|1
2026|3263|1|8747|1
2026|2012|1|8747|1
2026|1045|1|8747|1
2026|2026|1|8747|1
2026|2010|1|8747|1
2026|779|1|8749|1
2026|2322|1|8749|1
2026|2575|1|8749|1
2026|2903|8|8749|0
2026|2179|8|8749|0
2026|2219|5|8749|0
2026|296|1|8749|1
2026|3146|6|8749|0
2026|2148|15|8749|0
2026|2865|3|8749|0
2026|2023|7|8749|0
2026|90|6|8749|0
2026|3148|6|8749|0
2026|3147|5|8749|0
2026|2947|9|8749|0
2026|3029|7|8749|0
2026|3271|17|8749|0
2026|2756|8|8749|0
2026|2951|8|8749|0
2026|762|2|8749|0
2026|2187|12|8749|0
2026|2303|9|8749|0
2026|2481|11|8749|0
2026|2028|10|8749|0
2026|2969|4|8749|0
2026|192|2|8749|0
2026|2694|9|8749|0
2026|2160|6|8749|0
2026|2642|5|8749|0
2026|2944|7|8749|0
2026|2328|8|8749|0
2026|2182|10|8749|0
2026|2178|14|8749|0
2026|2971|5|8749|0
2026|2222|11|8749|0
2026|534|1|8749|1
2026|2429|5|8749|0
2026|2183|8|8749|0
2026|2003|8|8749|0
2026|2130|12|8749|0
2026|794|1|8858|1
2026|2681|3|8858|0
2026|2972|6|8858|0
2026|2607|2|8858|0
2026|2690|3|8858|0
2026|2441|8|8858|0
2026|2616|1|8956|1
2026|252|2|8956|0
2026|2345|2|8956|0
2026|2750|2|8956|0
2026|2595|3|8956|0
2026|3084|2|8956|0
2026|450|1|8986|1
2026|3031|2|8986|0
2026|380|8|8986|0
2026|317|8|8986|0
2026|2463|3|8986|0
2026|214|1|9044|1
2026|3246|1|9044|1
2026|2772|3|9044|0
2026|2570|2|9044|0
2026|2130|11|9044|0
2026|3191|2|9044|0
2026|2052|7|9044|0
2026|2865|2|9044|0
2026|2347|2|9044|0
2026|576|2|9044|0
2026|579|11|9044|0
2026|2908|4|9044|0
2026|2229|3|9044|0
2026|2234|5|9044|0
2026|2202|8|9044|0
2026|2262|9|9044|0
2026|2132|6|9044|0
2026|2894|8|9046|0
2026|2168|3|9046|0
2026|2702|9|9046|0
2026|3182|7|9046|0
2026|784|6|9046|0
2026|471|10|9046|0
2026|2348|6|9046|0
2026|2443|9|9046|0
2026|312|4|9046|0
2026|695|1|9058|1
2026|2942|1|9058|1
2026|3211|3|9058|0
2026|2441|10|9058|0
2026|2481|6|9058|0
2026|2487|8|9058|0
2026|3271|15|9058|0
2026|3211|1|9059|1
2026|3179|9|9059|0
2026|2834|1|9059|1
2026|2702|3|9059|0
2026|3244|6|9059|0
2026|3245|7|9059|0
2026|658|7|9059|0
2026|2434|7|9059|0
2026|471|3|9059|0
2026|3126|9|9059|0
2026|3201|8|9059|0
2026|3028|3|9059|0
2026|2803|8|9059|0
2026|2386|1|9063|1
2026|2347|1|9063|1
2026|95|1|9063|1
2026|2287|8|9063|0
2026|2876|10|9063|0
2026|2740|7|9063|0
2026|2866|10|9063|0
2026|2936|10|9063|0
2026|3210|9|9063|0
2026|2604|6|9063|0
2026|3173|10|9063|0
2026|2874|9|9063|0
2026|2738|3|9063|0
2026|2249|10|9063|0
2026|2921|10|9063|0
2026|2860|10|9063|0
2026|2057|14|9077|0
2026|2690|4|9077|0
2026|2481|2|9077|0
2026|2424|4|9077|0
2026|2732|3|9077|0
2026|3054|10|9077|0
2026|3185|6|9077|0
2026|2445|3|9077|0
2026|2469|7|9077|0
2026|2436|6|9077|0
2026|2593|2|9077|0
2026|2505|4|9077|0
2026|3048|6|9077|0
2026|450|3|9079|0
2026|1|1|9089|1
2026|3198|1|9089|1
2026|2500|6|9089|0
2026|2583|3|9089|0
2026|3052|7|9089|0
2026|2144|6|9089|0
2026|2586|5|9089|0
2026|2058|10|9089|0
2026|2734|1|9089|1
2026|2996|1|9089|1
2026|2288|7|9089|0
2026|2593|4|9089|0
2026|2843|2|9089|0
2026|2340|9|9089|0
2026|19|10|9089|0
2026|2711|3|9089|0
2026|3104|9|9089|0
2026|2971|9|9089|0
2026|2743|9|9089|0
2026|610|10|9089|0
2026|132|3|9089|0
2026|2318|8|9089|0
2026|2790|5|9089|0
2026|2085|7|9089|0
2026|2087|13|9089|0
2026|2155|12|9089|0
2026|3169|3|9089|0
2026|3170|5|9089|0
2026|16|1|9090|1
2026|2711|1|9090|1
2026|2622|6|9090|0
2026|2623|2|9090|0
2026|2663|8|9090|0
2026|2734|3|9090|0
2026|2586|6|9090|0
2026|3247|5|9090|0
2026|3198|8|9090|0
2026|2058|14|9090|0
2026|2407|1|9090|1
2026|2990|9|9090|0
2026|19|5|9090|0
2026|1|2|9090|0
2026|3214|3|9090|0
2026|2571|8|9090|0
2026|2463|7|9090|0
2026|2790|6|9090|0
2026|2915|8|9090|0
2026|2434|2|9090|0
2026|2291|8|9090|0
2026|2996|3|9090|0
2026|610|8|9090|0
2026|2743|2|9090|0
2026|2500|8|9090|0
2026|2871|11|9090|0
2026|2649|5|9090|0
2026|2583|6|9090|0
2026|2574|8|9090|0
2026|10|1|9093|1
2026|2593|1|9093|1
2026|2735|1|9093|1
2026|2843|1|9093|1
2026|2630|4|9093|0
2026|2167|10|9093|0
2026|2058|11|9093|0
2026|2623|1|9093|1
2026|2628|1|9093|1
2026|2984|1|9093|1
2026|2486|1|9093|1
2026|2557|1|9093|1
2026|1|3|9093|0
2026|2340|10|9093|0
2026|2518|10|9093|0
2026|2586|8|9093|0
2026|3198|10|9093|0
2026|2561|6|9093|0
2026|2740|11|9093|0
2026|2682|4|9093|0
2026|2482|2|9093|0
2026|2977|8|9093|0
2026|2467|9|9093|0
2026|3038|2|9093|0
2026|3103|10|9093|0
2026|2790|2|9093|0
2026|257|8|9093|0
2026|2569|8|9093|0
2026|2724|8|9093|0
2026|3061|7|9093|0
2026|3043|1|9095|1
2026|3219|1|9095|1
2026|2340|5|9095|0
2026|2772|9|9095|0
2026|2834|4|9095|0
2026|3099|2|9095|0
2026|2514|1|9095|1
2026|988|13|9095|0
2026|2443|7|9095|0
2026|2894|6|9095|0
2026|2856|5|9095|0
2026|2348|10|9095|0
2026|3182|3|9095|0
2026|2695|8|9095|0
2026|3108|2|9095|0
2026|600|4|9095|0
2026|2932|4|9095|0
2026|3066|9|9095|0
2026|312|11|9095|0
2026|2430|1|9097|1
2026|2841|1|9097|1
2026|2340|6|9097|0
2026|2324|6|9097|0
2026|3214|2|9097|0
2026|2292|7|9097|0
2026|2904|2|9097|0
2026|2560|1|9097|1
2026|2340|1|9099|1
2026|2292|1|9099|1
2026|2429|6|9099|0
2026|2734|2|9099|0
2026|374|8|9099|0
2026|2702|7|9099|0
2026|2841|2|9099|0
2026|2880|3|9099|0
2026|2324|1|9099|1
2026|2430|3|9099|0
2026|1|11|9099|0
2026|471|8|9099|0
2026|2560|2|9099|0
2026|2875|8|9099|0
2026|2471|12|9099|0
2026|2488|7|9099|0
2026|3093|7|9107|0
2026|2441|1|9117|1
2026|764|1|9117|1
2026|2798|1|9117|1
2026|3199|1|9117|1
2026|2042|6|9117|0
2026|2132|7|9117|0
2026|3066|1|9117|1
2026|2463|1|9117|1
2026|2017|19|9117|0
2026|3270|7|9117|0
2026|485|3|9117|0
2026|2045|4|9117|0
2026|2456|10|9117|0
2026|2249|11|9117|0
2026|2240|8|9117|0
2026|2910|6|9117|0
2026|3271|14|9117|0
2026|2271|7|9117|0
2026|2241|11|9117|0
2026|2147|13|9117|0
2026|2257|10|9117|0
2026|2242|8|9117|0
2026|3221|5|9117|0
2026|2557|5|9117|0
2026|2127|9|9117|0
2026|2044|8|9117|0
2026|2487|6|9117|0
2026|2652|3|9117|0
2026|2237|6|9117|0
2026|2500|4|9117|0
2026|2047|11|9117|0
2026|2129|6|9117|0
2026|2642|7|9117|0
2026|374|10|9117|0
2026|2481|8|9117|0
2026|2993|1|9134|1
2026|2973|1|9134|1
2026|3188|1|9134|1
2026|3189|1|9134|1
2026|3241|1|9134|1
2026|3164|1|9134|1
2026|391|3|9134|0
2026|764|9|9134|0
2026|19|6|9134|0
2026|2441|7|9134|0
2026|2454|10|9134|0
2026|3221|2|9134|0
2026|2725|9|9134|0
2026|3055|5|9134|0
2026|2998|1|9140|1
2026|3153|1|9140|1
2026|2655|2|9140|0
2026|2449|3|9140|0
2026|2506|2|9140|0
2026|2525|2|9140|0
2026|2737|1|9140|1
2026|3007|1|9140|1
2026|715|2|9140|0
2026|3046|6|9140|0
2026|3014|7|9140|0
2026|3192|2|9140|0
2026|3209|2|9140|0
2026|3181|3|9140|0
2026|2526|1|9156|1
2026|2617|1|9156|1
2026|2587|1|9156|1
2026|2921|6|9156|0
2026|2585|3|9156|0
2026|3173|6|9156|0
2026|2848|4|9156|0
2026|2860|6|9156|0
2026|2866|6|9156|0
2026|1081|13|9156|0
2026|2936|6|9156|0
2026|2240|4|9156|0
2026|2874|5|9156|0
2026|2876|6|9156|0
2026|2579|2|9156|0
2026|2557|4|9156|0
2026|2241|9|9156|0
2026|949|7|9156|0
2026|883|1|9165|1
2026|2931|1|9165|1
2026|2354|1|9165|1
2026|2449|1|9165|1
2026|2452|1|9165|1
2026|2680|1|9165|1
2026|2720|6|9165|0
2026|2164|9|9165|0
2026|2631|1|9165|1
2026|2629|1|9165|1
2026|2666|1|9165|1
2026|2759|3|9165|0
2026|2765|3|9165|0
2026|839|2|9165|0
2026|651|2|9165|0
2026|2374|2|9165|0
2026|2501|2|9165|0
2026|2473|2|9165|0
2026|3238|2|9165|0
2026|2760|11|9165|0
2026|2008|14|9165|0
2026|2706|3|9165|0
2026|2601|3|9165|0
2026|2335|2|9165|0
2026|346|8|9165|0
2026|2950|2|9165|0
2026|58|3|9165|0
2026|1129|5|9165|0
2026|1006|4|9165|0
2026|504|2|9165|0
2026|306|4|9165|0
2026|2833|2|9165|0
2026|2291|2|9165|0
2026|1142|5|9165|0
2026|2368|2|9165|0
2026|2920|2|9165|0
2026|2485|2|9165|0
2026|2086|10|9165|0
2026|715|4|9165|0
2026|2854|2|9165|0
2026|3055|4|9165|0
2026|2190|6|9165|0
2026|2859|11|9165|0
2026|2659|2|9165|0
2026|2667|2|9165|0
2026|3026|2|9165|0
2026|2719|2|9165|0
2026|2325|1|9165|1
2026|128|1|9165|1
2026|493|1|9165|1
2026|2669|1|9165|1
2026|2923|2|9165|0
2026|3065|3|9165|0
2026|2967|10|9167|0
2026|3169|5|9167|0
2026|3170|3|9167|0
2026|2756|10|9167|0
2026|1081|9|9167|0
2026|3029|10|9167|0
2026|2996|4|9167|0
2026|2534|1|9210|1
2026|2651|1|9210|1
2026|2791|4|9210|0
2026|3169|10|9210|0
2026|2971|3|9218|0
2026|764|7|9218|0
2026|574|2|9218|0
2026|2341|1|9224|1
2026|2351|1|9224|1
2026|2439|1|9224|1
2026|2342|4|9224|0
2026|2387|3|9224|0
2026|2389|4|9224|0
2026|2328|2|9224|0
2026|2571|6|9224|0
2026|3247|4|9224|0
2026|172|6|9224|0
2026|2936|7|9224|0
2026|2421|6|9224|0
2026|2604|4|9224|0
2026|2294|4|9224|0
2026|2295|2|9224|0
2026|2347|7|9224|0
2026|2299|2|9224|0
2026|70|3|9224|0
2026|95|3|9224|0
2026|2293|2|9224|0
2026|2333|2|9224|0
2026|2386|8|9224|0
2026|452|7|9224|0
2026|2302|2|9224|0
2026|2860|7|9224|0
2026|2866|7|9224|0
2026|2304|2|9224|0
2026|3216|3|9224|0
2026|2279|11|9224|0
2026|3191|9|9224|0
2026|2287|2|9224|0
2026|2428|3|9224|0
2026|2838|9|9224|0
2026|824|6|9224|0
2026|2329|2|9224|0
2026|2574|6|9224|0
2026|2874|6|9224|0
2026|2499|8|9224|0
2026|2016|23|9224|0
2026|2395|4|9224|0
2026|2743|4|9224|0
2026|2649|4|9224|0
2026|2876|7|9224|0
2026|3173|7|9224|0
2026|2867|8|9224|0
2026|2898|1|9225|1
2026|2905|1|9225|1
2026|2324|4|9225|0
2026|2622|3|9225|0
2026|824|5|9225|0
2026|108|2|9225|0
2026|2616|4|9225|0
2026|2463|4|9225|0
2026|2051|8|9225|0
2026|2308|2|9225|0
2026|600|8|9225|0
2026|964|13|9225|0
2026|2903|3|9225|0
2026|2808|2|9225|0
2026|2478|2|9225|0
2026|2918|4|9225|0
2026|2433|2|9225|0
2026|2916|3|9225|0
2026|2977|3|9225|0
2026|713|5|9225|0
2026|610|9|9225|0
2026|3052|2|9225|0
2026|2901|2|9225|0
2026|2137|6|9225|0
2026|3221|6|9225|0
2026|2743|8|9225|0
2026|2838|6|9225|0
2026|790|6|9225|0
2026|2445|1|9226|1
2026|2436|1|9226|1
2026|3108|5|9226|0
2026|3099|5|9226|0
2026|3198|4|9226|0
2026|2581|1|9226|1
2026|3144|1|9226|1
2026|3047|6|9226|0
2026|3048|3|9226|0
2026|2448|3|9226|0
2026|2541|4|9226|0
2026|3104|4|9226|0
2026|2453|2|9226|0
2026|3020|5|9226|0
2026|3000|5|9226|0
2026|2732|7|9226|0
2026|2246|7|9226|0
2026|3086|2|9226|0
2026|2205|3|9226|0
2026|2790|3|9226|0
2026|2454|5|9226|0
2026|2055|20|9226|0
2026|3185|3|9226|0
2026|3010|5|9226|0
2026|358|2|9268|0
2026|2829|3|9268|0
2026|2695|2|9268|0
2026|2419|7|9268|0
2026|2369|1|9269|1
2026|26|2|9269|0
2026|24|2|9269|0
2026|274|1|9269|1
2026|3085|1|9272|1
2026|3081|1|9272|1
2026|3083|1|9272|1
2026|3228|1|9272|1
2026|877|1|9272|1
2026|2438|10|9272|0
2026|3122|1|9272|1
2026|3140|1|9272|1
2026|3143|1|9272|1
2026|3089|1|9272|1
2026|3095|1|9272|1
2026|3120|1|9272|1
2026|3106|1|9272|1
2026|3113|1|9272|1
2026|3119|1|9272|1
2026|3096|1|9272|1
2026|2225|10|9272|0
2026|2855|11|9272|0
2026|2464|9|9272|0
2026|2087|7|9272|0
2026|2986|7|9272|0
2026|2814|3|9272|0
2026|2890|10|9272|0
2026|66|8|9272|0
2026|538|10|9272|0
2026|2469|6|9272|0
2026|2420|5|9272|0
2026|2437|6|9272|0
2026|2997|8|9272|0
2026|921|2|9272|0
2026|364|2|9272|0
2026|26|5|9272|0
2026|923|7|9272|0
2026|936|3|9272|0
2026|24|5|9272|0
2026|684|10|9272|0
2026|2384|6|9272|0
2026|3054|9|9272|0
2026|2383|9|9272|0
2026|2392|7|9272|0
2026|907|10|9272|0
2026|3104|10|9272|0
2026|2631|6|9272|0
2026|2417|4|9272|0
2026|779|8|9272|0
2026|2439|6|9272|0
2026|2381|6|9272|0
2026|3052|5|9272|0
2026|2533|7|9272|0
2026|2967|8|9272|0
2026|2498|10|9272|0
2026|2155|6|9272|0
2026|2566|2|9272|0
2026|2002|12|9272|0
2026|2709|2|9272|0
2026|2476|8|9272|0
2026|2751|9|9272|0
2026|2695|9|9272|0
2026|192|7|9272|0
2026|2521|1|9284|1
2026|2890|1|9284|1
2026|3208|1|9284|1
2026|3005|1|9284|1
2026|2385|4|9284|0
2026|2511|3|9284|0
2026|2618|5|9284|0
2026|3251|5|9284|0
2026|2030|13|9284|0
2026|2393|3|9284|0
2026|449|4|9284|0
2026|2277|3|9284|0
2026|218|3|9284|0
2026|223|4|9284|0
2026|3032|7|9284|0
2026|3042|7|9284|0
2026|2416|2|9284|0
2026|2376|4|9284|0
2026|2495|8|9284|0
2026|3030|7|9284|0
2026|2343|3|9284|0
2026|2303|8|9284|0
2026|2624|6|9284|0
2026|3018|2|9284|0
2026|205|3|9284|0
2026|2868|3|9284|0
2026|598|1|9284|1
2026|2813|5|9284|0
2026|3129|5|9284|0
2026|3132|5|9284|0
2026|2462|8|9284|0
2026|2496|1|9293|1
2026|2151|8|9293|0
2026|2421|10|9293|0
2026|2383|7|9293|0
2026|263|4|9294|0
2026|262|4|9294|0
2026|526|3|9294|0
2026|702|8|9294|0
2026|491|4|9294|0
2026|2006|2|9406|0
2026|2040|2|9406|0
2026|2261|4|9406|0
2026|3078|14|9406|0
2026|2003|5|9406|0
2026|2959|15|9406|0
2026|2128|3|9406|0
2026|2122|4|9406|0
2026|2131|4|9406|0
2026|2248|2|9406|0
2026|2224|33|9406|0
2026|3191|10|9406|0
2026|3270|2|9406|0
2026|1081|6|9406|0
2026|2197|2|9406|0
2026|2463|9|9406|0
2026|3249|5|9406|0
2026|2798|11|9406|0
2026|988|6|9406|0
2026|3139|15|9406|0
2026|2014|2|9406|0
2026|2148|4|9406|0
2026|2865|8|9406|0
2026|3268|4|9406|0
2026|2318|15|9406|0
2026|997|3|9406|0
2026|19|13|9406|0
2026|391|8|9406|0
2026|658|9|9406|0
2026|1108|3|9406|0
2026|79|3|9406|0
2026|980|11|9406|0
2026|2977|13|9406|0
2026|373|5|9406|0
2026|600|14|9406|0
2026|610|15|9406|0
2026|3257|4|9406|0
2026|3256|2|9406|0
2026|3266|4|9406|0
2026|3258|4|9406|0
2026|2597|10|9406|0
2026|964|6|9406|0
2026|3221|13|9406|0
2026|2195|7|9406|0
2026|2084|4|9406|0
2026|2725|10|9406|0
2026|3090|11|9406|0
2026|1112|3|9406|0
2026|2068|5|9406|0
2026|3093|11|9406|0
2026|2035|3|9406|0
2026|2267|3|9406|0
2026|2150|6|9406|0
2026|976|3|9406|0
2026|2199|2|9406|0
2026|2058|4|9406|0
2026|2262|2|9406|0
2026|2215|3|9406|0
2026|2097|2|9406|0
2026|2257|2|9406|0
2026|2138|2|9406|0
2026|2145|2|9406|0
2026|2147|2|9406|0
2026|2205|2|9406|0
2026|2118|2|9406|0
2026|2112|3|9406|0
2026|2037|3|9406|0
2026|2069|2|9406|0
2026|2217|2|9406|0
2026|2237|2|9406|0
2026|2238|2|9406|0
2026|2271|2|9406|0
2026|2211|5|9406|0
2026|2275|6|9406|0
2026|2194|5|9406|0
2026|3072|13|9406|0
2026|2269|2|9406|0
2026|2043|4|9406|0
2026|2249|4|9406|0
2026|2258|3|9406|0
2026|2173|5|9406|0
2026|2048|3|9406|0
2026|2126|4|9406|0
2026|2216|7|9406|0
2026|3199|6|9406|0
2026|3029|17|9406|0
2026|2088|6|9406|0
2026|2009|2|9406|0
2026|2241|3|9406|0
2026|2242|3|9406|0
2026|2055|6|9406|0
2026|2165|9|9406|0
2026|2969|8|9406|0
2026|2652|14|9406|0
2026|3066|11|9406|0
2026|2441|11|9406|0
2026|2038|2|9406|0
2026|2016|3|9406|0
2026|2481|17|9406|0
2026|2246|3|9406|0
2026|2017|9|9406|0
2026|2015|4|9406|0
2026|2092|2|9406|0
2026|2642|15|9406|0
2026|2643|6|9406|0
2026|2487|9|9406|0
2026|2967|14|9406|0
2026|3141|15|9406|0
2026|2174|2|9406|0
2026|2187|3|9406|0
2026|2167|4|9406|0
2026|2845|10|9406|0
2026|2183|5|9406|0
2026|2119|2|9406|0
2026|2772|11|9406|0
2026|2160|4|9406|0
2026|2154|6|9406|0
2026|2027|2|9406|0
2026|2178|2|9406|0
2026|2115|2|9406|0
2026|2044|1|9406|1
2026|2130|1|9406|1
2026|2132|1|9406|1
2026|3271|1|9406|1
2026|2127|1|9406|1
2026|2042|1|9406|1
2026|2137|1|9406|1
2026|2045|1|9406|1
2026|2047|1|9406|1
2026|2129|1|9406|1
2026|2449|2|9409|0
2026|2568|2|9409|0
2026|2939|4|9409|0
2026|2315|2|9409|0
2026|2542|3|9409|0
2026|2990|1|9411|1
2026|2342|3|9411|0
2026|2871|1|9411|1
2026|2915|1|9411|1
2026|2571|1|9411|1
2026|2649|1|9411|1
2026|2574|1|9411|1
2026|3247|1|9411|1
2026|2658|3|9411|0
2026|2256|6|9411|0
2026|16|5|9411|0
2026|2341|7|9411|0
2026|2743|5|9411|0
2026|3233|4|9411|0
2026|2029|8|9411|0
2026|2407|3|9411|0
2026|2067|12|9411|0
2026|2387|2|9411|0
2026|2389|3|9411|0
2026|2395|3|9411|0
2026|2137|5|9416|0
2026|2691|3|9416|0
2026|2637|2|9416|0
2026|2270|8|9416|0
2026|2501|6|9416|0
2026|2296|4|9416|0
2026|2427|2|9416|0
2026|2314|5|9416|0
2026|2549|6|9416|0
2026|2481|7|9416|0
2026|2408|2|9416|0
2026|2495|3|9416|0
2026|112|2|9416|0
2026|3103|3|9425|0
2026|317|7|9425|0
2026|2831|6|9425|0
2026|2248|7|9425|0
2026|380|1|9429|1
2026|2772|2|9429|0
2026|2775|2|9429|0
2026|2839|2|9429|0
2026|3208|4|9429|0
2026|2648|2|9429|0
2026|2520|2|9429|0
2026|2243|9|9429|0
2026|3191|5|9429|0
2026|2869|5|9429|0
2026|2095|8|9429|0
2026|2150|9|9429|0
2026|579|9|9429|0
2026|2950|3|9429|0
2026|2288|2|9429|0
2026|610|2|9429|0
2026|2318|2|9429|0
2026|2553|2|9429|0
2026|2809|2|9429|0
2026|2908|2|9429|0
2026|396|4|9429|0
2026|749|2|9429|0
2026|598|8|9429|0
2026|1|12|9429|0
2026|2021|7|9429|0
2026|2419|3|9429|0
2026|2414|2|9429|0
2026|488|11|9429|0
2026|3061|5|9429|0
2026|2352|2|9429|0
2026|600|3|9429|0
2026|284|2|9429|0
2026|2490|2|9429|0
2026|2506|6|9429|0
2026|2489|2|9429|0
2026|2552|2|9429|0
2026|2664|2|9429|0
2026|2675|2|9429|0
2026|2742|2|9429|0
2026|2770|2|9429|0
2026|3114|2|9429|0
2026|53|4|9429|0
2026|2825|1|9441|1
2026|3105|4|9441|0
2026|3227|4|9441|0
2026|3072|9|9441|0
2026|3104|5|9441|0
2026|2856|3|9441|0
2026|2006|1|9839|1
2026|2094|1|9839|1
2026|2204|1|9839|1
2026|2189|1|9839|1
2026|1136|1|9839|1
2026|1108|1|9839|1
2026|2577|2|9839|0
2026|2165|13|9839|0
2026|2115|8|9839|0
2026|2223|4|9839|0
2026|2085|4|9839|0
2026|2038|5|9839|0
2026|2148|3|9839|0
2026|3271|7|9839|0
2026|3268|8|9839|0
2026|3270|3|9839|0
2026|3269|4|9839|0
2026|695|5|9839|0
2026|471|14|9839|0
2026|120|15|9839|0
2026|692|12|9839|0
2026|1081|7|9839|0
2026|2507|8|9839|0
2026|3169|11|9839|0
2026|3170|11|9839|0
2026|2386|9|9839|0
2026|2393|8|9839|0
2026|784|8|9839|0
2026|3000|15|9839|0
2026|2138|5|9839|0
2026|2144|3|9839|0
2026|2246|6|9839|0
2026|2107|7|9839|0
2026|2193|6|9839|0
2026|2237|3|9839|0
2026|2092|5|9839|0
2026|2078|6|9839|0
2026|2154|7|9839|0
2026|2055|13|9839|0
2026|2057|9|9839|0
2026|2058|7|9839|0
2026|2262|6|9839|0
2026|2257|5|9839|0
2026|2269|7|9839|0
2026|2238|5|9839|0
2026|2242|6|9839|0
2026|2118|6|9839|0
2026|2147|7|9839|0
2026|2112|5|9839|0
2026|2197|7|9839|0
2026|2080|4|9839|0
2026|2047|6|9839|0
2026|2068|8|9839|0
2026|2087|4|9839|0
2026|2146|3|9839|0
2026|2818|8|9839|0
2026|2616|14|9839|0
2026|2129|3|9839|0
2026|2798|14|9839|0
2026|2512|4|9839|0
2026|764|12|9839|0
2026|2004|13|9839|0
2026|2014|3|9839|0
2026|2023|4|9839|0
2026|2016|13|9839|0
2026|2215|1|9839|1
2026|2216|1|9839|1
2026|2971|12|9839|0
2026|2441|14|9839|0
2026|2642|13|9839|0
2026|2887|15|9839|0
2026|2195|1|9839|1
2026|2261|1|9839|1
2026|2040|1|9839|1
2026|2096|1|9839|1
2026|2247|1|9839|1
2026|2211|1|9839|1
2026|2119|1|9845|1
2026|2124|1|9845|1
2026|2214|1|9845|1
2026|2226|1|9845|1
2026|1107|1|9845|1
2026|3266|1|9845|1
2026|2561|11|9845|0
2026|2615|13|9845|0
2026|2996|16|9845|0
2026|2027|10|9845|0
2026|2586|12|9845|0
2026|3191|11|9845|0
2026|3198|15|9845|0
2026|132|5|9845|0
2026|610|12|9845|0
2026|2277|13|9845|0
2026|923|5|9845|0
2026|2991|4|9845|0
2026|579|16|9845|0
2026|978|3|9845|0
2026|3104|14|9845|0
2026|2705|19|9845|0
2026|3253|3|9845|0
2026|3271|11|9845|0
2026|226|14|9845|0
2026|2294|15|9845|0
2026|2908|13|9845|0
2026|600|11|9845|0
2026|2396|13|9845|0
2026|2194|4|9845|0
2026|964|11|9845|0
2026|2155|3|9845|0
2026|2016|19|9845|0
2026|2001|5|9845|0
2026|2768|11|9845|0
2026|2077|7|9845|0
2026|2117|14|9845|0
2026|2235|1|9845|1
2026|2734|15|9845|0
2026|2631|11|9845|0
2026|2087|6|9845|0
2026|2066|2|9845|0
2026|2078|5|9845|0
2026|980|1|9845|1
2026|982|1|9845|1
2026|2202|1|9845|1
2026|2225|1|9845|1
2026|2196|1|9845|1
2026|2140|1|9845|1
2026|2238|1|9856|1
2026|3269|1|9856|1
2026|3270|1|9856|1
2026|2249|1|9856|1
2026|2237|1|9856|1
2026|2266|1|9856|1
2026|2195|5|9856|0
2026|2261|6|9856|0
2026|3048|10|9856|0
2026|3185|8|9856|0
2026|2057|8|9856|0
2026|2231|4|9856|0
2026|2047|3|9856|0
2026|2006|6|9856|0
2026|2040|7|9856|0
2026|2094|4|9856|0
2026|2587|4|9856|0
2026|2463|11|9856|0
2026|2042|4|9856|0
2026|2165|15|9856|0
2026|2099|17|9856|0
2026|2105|6|9856|0
2026|3258|5|9856|0
2026|3257|3|9856|0
2026|3271|6|9856|0
2026|3256|6|9856|0
2026|1112|4|9856|0
2026|2581|8|9856|0
2026|214|11|9856|0
2026|3056|9|9856|0
2026|2936|12|9856|0
2026|988|4|9856|0
2026|2436|7|9856|0
2026|3266|13|9856|0
2026|2866|12|9856|0
2026|976|5|9856|0
2026|980|8|9856|0
2026|997|5|9856|0
2026|1081|3|9856|0
2026|19|12|9856|0
2026|964|10|9856|0
2026|2682|6|9856|0
2026|1108|4|9856|0
2026|2905|7|9856|0
2026|2921|12|9856|0
2026|2860|12|9856|0
2026|2192|2|9856|0
2026|2084|5|9856|0
2026|410|8|9856|0
2026|3268|3|9856|0
2026|2755|12|9856|0
2026|1022|8|9856|0
2026|2725|13|9856|0
2026|2500|14|9856|0
2026|3090|12|9856|0
2026|3202|11|9856|0
2026|3104|11|9856|0
2026|2185|5|9856|0
2026|2196|7|9856|0
2026|2214|6|9856|0
2026|2095|7|9856|0
2026|3221|14|9856|0
2026|2130|7|9856|0
2026|2118|8|9856|0
2026|2257|7|9856|0
2026|2138|6|9856|0
2026|2136|3|9856|0
2026|2145|5|9856|0
2026|2226|3|9856|0
2026|2140|15|9856|0
2026|2798|13|9856|0
2026|2197|5|9856|0
2026|2215|5|9856|0
2026|2026|12|9856|0
2026|2147|8|9856|0
2026|2080|6|9856|0
2026|2193|3|9856|0
2026|2217|3|9856|0
2026|2173|6|9856|0
2026|2048|4|9856|0
2026|2126|5|9856|0
2026|2029|6|9856|0
2026|2211|7|9856|0
2026|2122|5|9856|0
2026|2131|5|9856|0
2026|2088|8|9856|0
2026|2248|4|9856|0
2026|2069|4|9856|0
2026|2068|3|9856|0
2026|2262|3|9856|0
2026|2199|3|9856|0
2026|2058|5|9856|0
2026|2216|10|9856|0
2026|2096|6|9856|0
2026|2127|5|9856|0
2026|2526|6|9856|0
2026|2397|4|9856|0
2026|2038|13|9856|0
2026|2441|12|9856|0
2026|2750|13|9856|0
2026|3141|14|9856|0
2026|2246|4|9856|0
2026|2076|3|9856|0
2026|2565|11|9856|0
2026|2017|11|9856|0
2026|2044|5|9856|0
2026|2876|12|9856|0
2026|3173|12|9856|0
2026|45|8|9856|0
2026|824|13|9856|0
2026|2874|12|9856|0
2026|2499|11|9856|0
2026|2115|6|9856|0
2026|2174|6|9856|0
2026|2187|8|9856|0
2026|2072|6|9856|0
2026|2981|8|9856|0
2026|2642|12|9856|0
2026|2258|1|9856|1
2026|2267|1|9856|1
2026|2617|10|9856|0
2026|2734|14|9856|0
2026|2629|7|9856|0
2026|2055|10|9856|0
2026|2241|2|9856|1
2026|2242|1|9856|1
2026|2269|1|9856|1
2026|2234|1|9856|1
2026|2271|1|9856|1
2026|2240|1|9856|1
2026|2805|6|9860|0
2026|2542|9|9860|0
2026|2352|7|9860|0
2026|725|2|9861|0
2026|861|2|9861|0
2026|2926|2|9861|0
2026|2381|2|9861|0
2026|3045|2|9861|0
2026|1|10|9861|0
2026|2472|2|9861|0
2026|2522|5|9861|0
2026|3115|4|9861|0
2026|2616|10|9861|0
2026|2965|1|9861|1
2026|679|1|9865|1
2026|2665|2|9865|0
2026|2754|3|9865|0
2026|2003|6|9865|0
2026|2190|7|9865|0
2026|2719|7|9865|0
2026|2683|7|9865|0
2026|3005|12|9865|0
2026|2684|1|9865|1
2026|2315|7|9865|0
2026|2522|9|9865|0
2026|3192|8|9865|0
2026|832|4|9865|0
2026|2626|5|9865|0
2026|248|4|9865|0
2026|2391|5|9865|0
2026|2372|7|9865|0
2026|449|5|9865|0
2026|598|7|9865|0
2026|2284|6|9865|0
2026|3142|5|9865|0
2026|2364|8|9865|0
2026|2026|14|9865|0
2026|2296|13|9865|0
2026|2796|3|9865|0
2026|2695|5|9865|0
2026|2314|6|9865|0
2026|198|3|9865|0
2026|2868|6|9865|0
2026|2872|6|9865|0
2026|2567|8|9866|0
2026|2820|6|9866|0
2026|2648|10|9866|0
2026|2632|6|9866|0
2026|153|6|9866|0
2026|192|11|9866|0
2026|2394|5|9866|0
2026|2289|7|9866|0
2026|2317|6|9866|0
2026|218|5|9866|0
2026|2349|4|9866|0
2026|2362|5|9866|0
2026|2538|2|9866|0
2026|559|7|9866|0
2026|90|10|9866|0
2026|2378|4|9866|0
2026|782|3|9866|0
2026|2376|6|9866|0
2026|3041|7|9866|0
2026|296|9|9866|0
2026|2284|10|9866|0
2026|3074|4|9866|0
2026|58|7|9866|0
2026|3032|8|9866|0
2026|3042|8|9866|0
2026|3111|5|9866|0
2026|2634|10|9866|0
2026|3006|9|9866|0
2026|2914|9|9866|0
2026|3092|8|9866|0
2026|2787|9|9866|0
2026|420|9|9866|0
2026|2982|10|9866|0
2026|2635|9|9866|0
2026|861|1|9867|1
2026|2543|1|9867|1
2026|3085|8|9867|0
2026|2418|6|9867|0
2026|3115|1|9867|1
2026|2472|1|9867|1
2026|2522|1|9867|1
2026|2542|1|9867|1
2026|3233|1|9869|1
2026|3247|6|9869|0
2026|3246|6|9869|0
2026|2350|3|9869|0
2026|2405|3|9869|0
2026|2404|3|9869|0
2026|2649|6|9869|0
2026|2406|3|9869|0
2026|2360|6|9874|0
2026|2724|7|9874|0
2026|380|7|9874|0
2026|2903|7|9874|0
2026|2617|3|9874|0
2026|2686|1|9874|1
2026|2862|1|9874|1
2026|2562|1|9874|1
2026|2705|4|9875|0
2026|2556|2|9875|0
2026|2284|9|9875|0
2026|2461|3|9875|0
2026|3195|3|9875|0
2026|684|1|9878|1
2026|2384|1|9878|1
2026|3104|1|9878|1
2026|2002|13|9878|0
2026|3085|7|9878|0
2026|3113|8|9878|0
2026|2175|13|9878|0
2026|3005|11|9878|0
2026|2225|9|9878|0
2026|2417|1|9878|1
2026|2420|1|9878|1
2026|3052|4|9878|0
2026|2305|4|9878|0
2026|3081|6|9878|0
2026|2177|14|9878|0
2026|2295|4|9878|0
2026|2328|4|9878|0
2026|3140|4|9878|0
2026|3143|7|9878|0
2026|2290|10|9878|0
2026|2196|8|9878|0
2026|2631|4|9878|0
2026|779|7|9878|0
2026|3120|3|9878|0
2026|3095|7|9878|0
2026|3106|7|9878|0
2026|3119|3|9878|0
2026|2381|8|9878|0
2026|3089|8|9878|0
2026|2589|1|9882|1
2026|2656|3|9882|0
2026|2596|2|9882|0
2026|2672|2|9882|0
2026|2670|3|9882|0
2026|2101|6|9882|0
2026|2470|2|9882|0
2026|2950|6|9882|0
2026|2591|1|9882|1
2026|2099|19|9882|0
2026|2134|5|9882|0
2026|2415|3|9882|0
2026|2837|2|9882|0
2026|3109|7|9882|0
2026|2940|12|9882|0
2026|702|1|9887|1
2026|819|3|9887|0
2026|2955|2|9887|0
2026|2960|2|9887|0
2026|2285|5|9887|0
2026|2296|2|9887|0
2026|2468|2|9887|0
2026|2500|5|9889|0
2026|2834|6|9889|0
2026|2047|12|9889|0
2026|3090|9|9889|0
2026|2565|4|9889|0
2026|1108|7|9889|0
2026|2638|1|9889|1
2026|2499|7|9889|0
2026|2127|10|9889|0
2026|3080|10|9889|0
2026|3072|8|9889|0
2026|3221|8|9889|0
2026|2825|7|9889|0
2026|2848|1|9890|1
2026|3195|8|9890|0
2026|3090|7|9890|0
2026|2526|2|9890|0
2026|2585|1|9890|1
2026|2579|1|9890|1
2026|2582|1|9890|1
2026|692|1|9895|1
2026|713|1|9895|1
2026|2833|1|9895|1
2026|2859|1|9895|1
2026|2927|1|9895|1
2026|2756|4|9895|0
2026|2358|5|9895|0
2026|832|5|9895|0
2026|3251|4|9895|0
2026|2892|1|9895|1
2026|2849|1|9895|1
2026|3240|2|9895|0
2026|2632|8|9895|0
2026|3148|2|9895|0
2026|3239|2|9895|0
2026|2801|9|9895|0
2026|2116|6|9895|0
2026|749|4|9895|0
2026|2989|10|9895|0
2026|66|14|9895|0
2026|2284|7|9895|0
2026|740|6|9895|0
2026|195|12|9895|0
2026|2968|4|9895|0
2026|3135|11|9895|0
2026|2321|11|9895|0
2026|218|9|9895|0
2026|212|17|9895|0
2026|2373|5|9895|0
2026|2410|9|9895|0
2026|2580|9|9895|0
2026|2592|9|9895|0
2026|2493|9|9895|0
2026|2602|9|9895|0
2026|193|18|9895|0
2026|2517|3|9895|0
2026|2361|11|9895|0
2026|691|9|9895|0
2026|2503|5|9895|0
2026|2485|5|9895|0
2026|2528|11|9895|0
2026|2797|3|9895|0
2026|3174|4|9895|0
2026|2922|8|9895|0
2026|3114|7|9895|0
2026|2314|7|9895|0
2026|2985|2|9895|0
2026|2691|6|9895|0
2026|3064|2|9895|0
2026|2039|6|9895|0
2026|2438|6|9895|0
2026|2818|6|9895|0
2026|2648|6|9895|0
2026|172|1|9896|1
2026|2792|3|9896|0
2026|3174|6|9896|0
2026|153|4|9896|0
2026|2226|8|9896|0
2026|2950|9|9896|0
2026|802|6|9896|0
2026|295|4|9896|0
2026|3240|4|9896|0
2026|2816|7|9896|0
2026|2814|7|9896|0
2026|2202|6|9896|0
2026|3110|6|9896|0
2026|2087|10|9898|0
2026|2155|8|9898|0
2026|907|9|9898|0
2026|2344|6|9898|0
2026|2468|5|9898|0
2026|2465|6|9898|0
2026|3158|3|9898|0
2026|2586|10|9898|0
2026|2768|1|9898|1
2026|485|1|9905|1
2026|3214|1|9905|1
2026|2904|1|9905|1
2026|2756|1|9905|1
2026|374|1|9905|1
2026|2488|1|9905|1
2026|3066|4|9905|0
2026|2586|7|9905|0
2026|2292|6|9905|0
2026|1|7|9905|0
2026|16|7|9905|0
2026|2750|4|9905|0
2026|3084|3|9905|0
2026|3073|5|9905|0
2026|2124|5|9905|0
2026|2911|8|9905|0
2026|2340|8|9905|0
2026|2324|7|9905|0
2026|2500|2|9905|0
2026|2504|1|9907|1
2026|2382|5|9907|0
2026|248|9|9907|0
2026|2833|8|9907|0
2026|680|8|9907|0
2026|2282|10|9907|0
2026|2691|8|9907|0
2026|3066|3|9907|0
2026|2823|1|9909|1
2026|3044|1|9909|1
2026|3041|1|9909|1
2026|2712|8|9909|0
2026|2116|7|9909|0
2026|2620|6|9909|0
2026|2710|8|9909|0
2026|2479|3|9909|0
2026|3135|7|9909|0
2026|3237|7|9909|0
2026|2991|2|9909|0
2026|2635|3|9909|0
2026|2604|3|9909|0
2026|3236|7|9909|0
2026|2471|8|9909|0
2026|3088|9|9909|0
2026|2982|6|9909|0
2026|2935|3|9909|0
2026|2377|3|9909|0
2026|2546|11|9909|0
2026|3062|5|9909|0
2026|3091|7|9909|0
2026|2317|14|9909|0
2026|2475|6|9909|0
2026|2754|4|9909|0
2026|2648|5|9909|0
2026|2291|1|9910|1
2026|2296|1|9910|1
2026|2279|1|9910|1
2026|2284|1|9910|1
2026|2314|1|9910|1
2026|2746|2|9910|0
2026|2626|6|9910|0
2026|2684|3|9910|0
2026|2836|6|9910|0
2026|2503|1|9910|1
2026|2968|1|9910|1
2026|195|14|9910|0
2026|3225|6|9910|0
2026|2824|8|9910|0
2026|2523|3|9910|0
2026|2116|8|9910|0
2026|153|5|9910|0
2026|2439|5|9910|0
2026|2285|3|9910|0
2026|2337|7|9910|0
2026|449|8|9910|0
2026|2738|5|9910|0
2026|317|5|9910|0
2026|3251|12|9910|0
2026|2504|8|9910|0
2026|248|6|9910|0
2026|2741|4|9910|0
2026|325|21|9910|0
2026|212|18|9910|0
2026|3006|3|9910|0
2026|3216|6|9910|0
2026|2959|3|9910|0
2026|3214|7|9910|0
2026|557|6|9910|0
2026|2444|2|9910|0
2026|2683|2|9910|0
2026|2747|5|9910|0
2026|15|4|9910|0
2026|3060|10|9910|0
2026|2796|5|9910|0
2026|2788|12|9910|0
2026|2879|2|9910|0
2026|2650|4|9910|0
2026|2813|10|9910|0
2026|2734|6|9910|0
2026|2719|8|9910|0
2026|2679|2|9910|0
2026|2372|1|9917|1
2026|2383|1|9917|1
2026|2986|1|9917|1
2026|2772|6|9917|0
2026|2626|3|9917|0
2026|2695|1|9917|1
2026|2390|3|9917|0
2026|59|2|9917|0
2026|36|9|9917|0
2026|2469|2|9917|0
2026|380|3|9917|0
2026|600|7|9917|0
2026|2279|2|9917|0
2026|248|10|9917|0
2026|2396|4|9917|0
2026|664|2|9917|0
2026|2768|4|9917|0
2026|3191|8|9917|0
2026|2749|12|9917|0
2026|153|9|9917|0
2026|2041|6|9917|0
2026|2461|1|9919|1
2026|3193|1|9919|1
2026|651|1|9919|1
2026|2752|1|9919|1
2026|2766|5|9919|0
2026|346|1|9919|1
2026|2556|1|9919|1
2026|2827|1|9919|1
2026|2706|4|9919|0
2026|839|4|9919|0
2026|502|3|9919|0
2026|2374|3|9919|0
2026|2669|2|9919|0
2026|3159|10|9919|0
2026|2998|3|9919|0
2026|2542|6|9919|0
2026|2543|4|9919|0
2026|3189|2|9919|0
2026|3195|2|9919|0
2026|3204|2|9919|0
2026|3212|3|9919|0
2026|3213|2|9919|0
2026|3238|3|9919|0
2026|38|6|9919|0
2026|406|2|9919|0
2026|393|3|9919|0
2026|409|2|9919|0
2026|2459|3|9919|0
2026|3188|2|9919|0
2026|739|6|9919|0
2026|2368|3|9919|0
2026|684|7|9919|0
2026|2335|3|9919|0
2026|493|3|9919|0
2026|2450|3|9919|0
2026|2501|4|9919|0
2026|794|2|9919|0
2026|2893|2|9919|0
2026|2848|3|9919|0
2026|557|5|9919|0
2026|2755|6|9919|0
2026|3055|6|9919|0
2026|504|3|9919|0
2026|883|2|9919|0
2026|2005|17|9919|0
2026|2546|5|9919|0
2026|3164|2|9919|0
2026|2401|10|9919|0
2026|2420|2|9919|0
2026|680|5|9919|0
2026|213|3|9919|0
2026|3026|3|9919|0
2026|2747|3|9919|0
2026|2314|2|9919|0
2026|3060|4|9919|0
2026|2923|3|9919|0
2026|2449|4|9919|0
2026|2354|2|9919|0
2026|3065|4|9919|0
2026|786|1|9920|1
2026|2777|2|9920|0
2026|2518|4|9920|0
2026|2380|2|9920|0
2026|2635|8|9920|0
2026|248|2|9920|0
2026|3183|1|9920|1
2026|2312|1|9920|1
2026|2295|10|9920|0
2026|2307|5|9920|0
2026|2604|8|9920|0
2026|2708|3|9920|0
2026|2706|2|9920|0
2026|2330|3|9920|0
2026|2375|1|9923|1
2026|2570|3|9923|0
2026|2360|1|9923|1
2026|2875|2|9923|0
2026|2724|1|9923|1
2026|2686|3|9923|0
2026|2862|4|9923|0
2026|2825|4|9923|0
2026|2482|4|9923|0
2026|2815|3|9923|0
2026|2682|2|9923|0
2026|2981|3|9923|0
2026|1112|7|9923|0
2026|2569|3|9923|0
2026|3227|10|9923|0
2026|3105|9|9923|0
2026|2749|4|9925|0
2026|2604|5|9925|0
2026|3183|2|9925|0
2026|2312|2|9925|0
2026|2328|12|9925|0
2026|2811|4|9925|0
2026|2922|4|9925|0
2026|2720|8|9925|0
2026|2869|4|9925|0
2026|964|16|9925|0
2026|907|5|9925|0
2026|2284|5|9925|0
2026|3165|4|9925|0
2026|2287|14|9925|0
2026|2352|4|9925|0
2026|786|2|9925|0
2026|2450|4|9925|0
2026|2291|4|9925|0
2026|452|3|9925|0
2026|489|5|9925|0
2026|2939|5|9925|0
2026|2718|6|9925|0
2026|2401|7|9925|0
2026|2415|13|9925|0
2026|2968|2|9925|0
2026|680|6|9929|0
2026|2578|3|9930|0
2026|3267|11|9930|0
2026|2899|1|9935|1
2026|35|1|9935|1
2026|53|1|9935|1
2026|2433|1|9935|1
2026|2819|1|9935|1
2026|2830|1|9935|1
2026|2959|6|9935|0
2026|2729|1|9935|1
2026|3025|1|9935|1
2026|2913|1|9935|1
2026|2901|1|9935|1
2026|2460|1|9935|1
2026|2093|5|9935|0
2026|2051|9|9935|0
2026|3251|6|9935|0
2026|2059|4|9935|0
2026|3102|4|9935|0
2026|2753|3|9935|0
2026|2898|3|9935|0
2026|2023|6|9935|0
2026|2385|6|9935|0
2026|2905|2|9935|0
2026|2511|6|9935|0
2026|3011|3|9935|0
2026|38|2|9935|0
2026|691|2|9935|0
2026|3150|7|9935|0
2026|3149|4|9935|0
2026|3239|3|9935|0
2026|2858|5|9935|0
2026|2756|5|9935|0
2026|1042|12|9935|0
2026|889|7|9935|0
2026|713|2|9935|0
2026|396|3|9935|0
2026|749|5|9935|0
2026|2273|8|9935|0
2026|2599|3|9935|0
2026|3036|3|9935|0
2026|2442|2|9935|0
2026|2497|5|9935|0
2026|2962|3|9935|0
2026|2506|3|9935|0
2026|3060|8|9935|0
2026|2365|4|9935|0
2026|2019|6|9935|0
2026|2359|13|9935|0
2026|2900|2|9935|0
2026|3250|1|9935|1
2026|3008|3|9935|0
2026|3064|3|9935|0
2026|2859|10|9935|0
2026|2476|5|9935|0
2026|2882|3|9935|0
2026|3015|1|9936|1
2026|605|7|9936|0
2026|406|8|9936|0
2026|489|11|9936|0
2026|576|4|9936|0
2026|48|8|9936|0
2026|3145|10|9936|0
2026|2588|1|9936|1
2026|3087|1|9936|1
2026|592|1|9937|1
2026|2297|1|9937|1
2026|2334|1|9937|1
2026|2331|1|9937|1
2026|70|1|9937|1
2026|409|1|9937|1
2026|2008|13|9937|0
2026|2447|2|9937|0
2026|2225|6|9937|0
2026|2283|1|9937|1
2026|684|2|9937|0
2026|82|2|9937|0
2026|2322|3|9937|0
2026|658|2|9937|0
2026|218|6|9937|0
2026|3175|5|9937|0
2026|2980|2|9937|0
2026|306|2|9937|0
2026|779|5|9937|0
2026|2298|2|9937|0
2026|452|6|9937|0
2026|1019|5|9937|0
2026|2694|6|9937|0
2026|2478|5|9937|0
2026|2285|13|9937|0
2026|2599|2|9937|0
2026|819|2|9937|0
2026|2883|8|9937|0
2026|2184|4|9937|0
2026|66|11|9937|0
2026|2797|6|9937|0
2026|2751|5|9937|0
2026|128|2|9937|0
2026|2880|2|9937|0
2026|2276|1|9937|1
2026|2278|1|9937|1
2026|2280|1|9937|1
2026|3003|4|9937|0
2026|2137|4|9937|0
2026|2290|11|9937|0
2026|2850|1|9938|1
2026|2776|1|9940|1
2026|3111|1|9940|1
2026|2822|1|9940|1
2026|2907|1|9940|1
2026|3040|1|9940|1
2026|3006|1|9940|1
2026|3023|1|9940|1
2026|2879|1|9940|1
2026|3018|1|9940|1
2026|3092|1|9940|1
2026|2502|1|9940|1
2026|2900|1|9940|1
2026|2219|3|9940|0
2026|2644|1|9940|1
2026|2645|1|9940|1
2026|2707|1|9940|1
2026|2038|18|9940|0
2026|2929|2|9940|0
2026|2007|8|9940|0
2026|3152|6|9940|0
2026|3133|2|9940|0
2026|2296|6|9940|0
2026|2315|8|9940|0
2026|3163|6|9940|0
2026|3192|3|9940|0
2026|396|5|9940|0
2026|449|6|9940|0
2026|2398|6|9940|0
2026|3058|4|9940|0
2026|2504|5|9940|0
2026|2951|5|9940|0
2026|2452|7|9940|0
2026|226|18|9940|0
2026|3035|3|9940|0
2026|3068|4|9940|0
2026|229|7|9940|0
2026|3118|13|9940|0
2026|3005|5|9940|0
2026|2796|9|9940|0
2026|2028|12|9940|0
2026|2298|10|9940|0
2026|3008|7|9940|0
2026|2521|7|9940|0
2026|2694|5|9940|0
2026|2787|4|9940|0
2026|420|8|9940|0
2026|2868|7|9940|0
2026|2872|7|9940|0
2026|3129|4|9940|0
2026|2222|10|9940|0
2026|2462|9|9940|0
2026|2676|6|9940|0
2026|2749|8|9940|0
2026|2882|4|9940|0
2026|2567|4|9940|0
2026|2754|6|9940|0
2026|2182|7|9940|0
2026|3042|1|9940|1
2026|3074|1|9940|1
2026|3030|1|9940|1
2026|3032|1|9940|1
2026|3231|1|9940|1
2026|3243|1|9940|1
2026|602|1|9941|1
2026|2712|3|9941|0
2026|2766|4|9941|0
2026|2183|7|9941|0
2026|2606|4|9941|0
2026|2012|6|9941|0
2026|2700|1|9941|1
2026|2654|1|9941|1
2026|295|1|9941|1
2026|2922|2|9941|0
2026|2952|2|9941|0
2026|2179|6|9941|0
2026|2869|2|9941|0
2026|2219|7|9941|0
2026|2287|13|9941|0
2026|2177|13|9941|0
2026|2464|4|9941|0
2026|2038|19|9941|0
2026|2760|3|9941|0
2026|3134|3|9941|0
2026|3135|3|9941|0
2026|2567|10|9941|0
2026|2295|9|9941|0
2026|3237|3|9941|0
2026|2801|8|9941|0
2026|2895|8|9941|0
2026|2886|2|9941|0
2026|2284|3|9941|0
2026|2468|3|9941|0
2026|3163|2|9941|0
2026|2960|3|9941|0
2026|3236|2|9941|0
2026|489|3|9941|0
2026|1077|4|9941|0
2026|296|4|9941|0
2026|229|11|9941|0
2026|2352|3|9941|0
2026|532|2|9941|0
2026|2955|3|9941|0
2026|2962|11|9941|0
2026|702|2|9941|0
2026|2914|3|9941|0
2026|2475|10|9941|0
2026|2419|8|9941|0
2026|193|20|9941|0
2026|680|2|9941|0
2026|3131|3|9941|0
2026|2479|5|9941|0
2026|2792|2|9941|0
2026|2814|5|9941|0
2026|2747|2|9941|0
2026|3114|3|9941|0
2026|262|2|9941|0
2026|3091|5|9941|0
2026|2524|4|9941|0
2026|2605|2|9941|0
2026|2744|2|9941|0
2026|2476|2|9941|0
2026|3109|2|9941|0
2026|2444|8|9941|0
2026|2182|6|9941|0
2026|2178|10|9941|0
2026|2691|2|9941|0
2026|2222|8|9941|0
2026|263|2|9941|0
2026|2544|8|9941|0
2026|2475|3|9946|0
2026|3088|2|9946|0
2026|2721|2|9946|0
2026|2444|5|9946|0
2026|2878|2|9946|0
2026|3044|3|9946|0
2026|3041|3|9946|0
2026|3236|15|9946|0
2026|2634|13|9946|0
2026|2479|4|9946|0
2026|2728|1|9946|1
2026|2727|1|9946|1
2026|2458|5|9946|0
2026|2982|2|9946|0
2026|2403|3|9946|0
2026|3016|3|9946|0
2026|2823|3|9946|0
2026|489|2|9946|0
2026|3001|1|9947|1
2026|38|1|9947|1
2026|2828|1|9947|1
2026|2954|2|9947|0
2026|2859|9|9947|0
2026|2719|3|9947|0
2026|2789|1|9947|1
2026|2777|1|9947|1
2026|2870|1|9947|1
2026|2853|1|9947|1
2026|2844|1|9947|1
2026|502|2|9947|0
2026|2330|9|9947|0
2026|2403|8|9947|0
2026|513|2|9947|0
2026|2524|2|9947|0
2026|2824|3|9947|0
2026|2597|3|9947|0
2026|2614|7|9947|0
2026|225|2|9947|0
2026|3091|2|9947|0
2026|2363|7|9947|0
2026|2388|2|9947|0
2026|3014|6|9947|0
2026|3046|5|9947|0
2026|758|1|9950|1
2026|3222|1|9950|1
2026|771|1|9950|1
2026|3208|9|9950|0
2026|3024|2|9950|0
2026|2621|10|9950|0
2026|2410|2|9950|0
2026|2411|2|9950|0
2026|2959|4|9950|0
2026|223|5|9950|0
2026|2291|10|9950|0
2026|2933|1|9951|1
2026|2949|1|9951|1
2026|2892|7|9951|0
2026|2102|15|9951|0
2026|2201|5|9951|0
2026|2034|9|9951|0
2026|2037|8|9951|0
2026|2966|8|9951|0
2026|3175|6|9951|0
2026|2811|5|9951|0
2026|2035|10|9951|0
2026|2221|7|9951|0
2026|2036|9|9951|0
2026|2419|4|9951|0
2026|2255|4|9951|0
2026|3266|15|9951|0
2026|573|4|9951|0
2026|2398|8|9951|0
2026|3029|4|9951|0
2026|664|1|9999|1
2026|2847|1|9999|1
2026|2629|5|9999|0
2026|2887|8|9999|0
2026|2534|8|9999|0
2026|2722|3|9999|0
2026|3125|1|9999|1
2026|2480|4|9999|0
2026|779|9|9999|0
2026|364|4|9999|0
2026|2541|9|9999|0
2026|3168|1|9999|1
2026|2851|1|9999|1
2026|2953|1|10004|1
2026|2954|1|10004|1
2026|2324|3|10004|0
2026|2570|7|10004|0
2026|2663|2|10004|0
2026|3012|2|10004|0
2026|3121|1|10004|1
2026|2963|1|10004|1
2026|2587|2|10004|0
2026|2736|3|10004|0
2026|2753|4|10004|0
2026|2983|1|10004|1
2026|252|6|10004|0
2026|2607|3|10004|0
2026|2612|3|10004|0
2026|2613|6|10004|0
2026|2614|8|10004|0
2026|2610|5|10004|0
2026|2608|2|10004|0
2026|471|6|10004|0
2026|648|3|10004|0
2026|168|2|10004|0
2026|2336|7|10004|0
2026|2375|4|10004|0
2026|3161|5|10004|0
2026|3138|8|10004|0
2026|2681|2|10004|0
2026|2976|2|10004|0
2026|2759|2|10004|0
2026|2765|2|10004|0
2026|2782|2|10004|0
2026|2810|2|10004|0
2026|2958|5|10004|0
2026|3156|2|10004|0
2026|2637|4|10004|0
2026|2698|3|10004|0
2026|15|8|10004|0
2026|2967|3|10004|0
2026|2363|3|10004|0
2026|3088|5|10030|0
2026|2475|2|10030|0
2026|2401|1|10030|1
2026|2296|8|10030|0
2026|2479|2|10030|0
2026|3023|2|10030|0
2026|2458|6|10030|0
2026|2982|7|10030|0
2026|2895|5|10034|0
2026|3131|5|10034|0
2026|2644|2|10034|0
2026|2468|9|10034|0
2026|2849|8|10034|0
2026|2705|1|10034|1
2026|739|1|10099|1
2026|59|1|10099|1
2026|2747|9|10099|0
2026|2719|5|10099|0
2026|3008|8|10099|0
2026|786|3|10099|0
2026|2391|3|10099|0
2026|3033|2|10099|0
2026|449|2|10099|0
2026|2315|3|10099|0
2026|3118|11|10121|0
2026|24|6|10163|0
2026|2903|1|10347|1
2026|2340|3|10347|0
2026|2615|3|10347|0
2026|3214|4|10347|0
2026|2156|7|10347|0
2026|2887|1|10347|1
2026|2811|3|10347|0
2026|2465|2|10347|0
2026|2289|3|10347|0
2026|2294|3|10347|0
2026|2317|2|10347|0
2026|2307|6|10347|0
2026|579|2|10347|0
2026|610|3|10347|0
2026|2318|4|10347|0
2026|2288|4|10347|0
2026|36|2|10347|0
2026|2996|11|10347|0
2026|1|4|10347|0
2026|2396|3|10347|0
2026|2478|6|10347|0
2026|2623|3|10347|0
2026|2892|2|10347|0
2026|2652|13|10347|0
2026|2128|7|10347|0
2026|2124|4|10347|0
2026|2583|2|10347|0
2026|312|1|10352|1
2026|2348|1|10352|1
2026|3028|4|10352|0
2026|2932|5|10352|0
2026|784|5|10352|0
2026|471|5|10352|0
2026|2443|3|10352|0
2026|2702|5|10352|0
2026|2856|6|10352|0
2026|2629|4|10407|0
2026|2119|15|10407|0
2026|2692|2|10407|0
2026|2586|1|10407|1
2026|3266|16|10407|0
2026|2597|2|10407|0
2026|374|9|10407|0
2026|2488|8|10407|0
2026|802|1|10440|1
2026|2287|7|10440|0
2026|2755|3|10440|0
2026|2903|12|10440|0
2026|2975|5|10440|0
2026|2294|9|10440|0
2026|2985|9|10440|0
2026|2989|8|10440|0
2026|2151|9|10440|0
2026|2615|9|10440|0
2026|3053|1|10440|1
2026|3243|3|10440|0
2026|3052|3|10440|0
2026|2398|10|10440|0
2026|764|6|10440|0
2026|2947|8|10440|0
2026|3175|7|10440|0
2026|2365|6|10440|0
2026|2694|8|10440|0
2026|2697|8|10440|0
2026|2969|3|10440|0
2026|2227|7|10440|0
2026|3104|6|10440|0
2026|2676|8|10440|0
2026|2744|5|10440|0
2026|2944|6|10440|0
2026|3018|4|10440|0
2026|2887|7|10440|0
2026|2289|10|10440|0
2026|2345|1|10573|1
2026|684|9|10573|0
2026|2522|4|10573|0
2026|2781|8|10573|0
2026|2977|1|10574|1
2026|3029|1|10574|1
2026|358|1|10574|1
2026|2967|1|10574|1
2026|2130|9|10574|0
2026|2132|8|10574|0
2026|713|4|10574|0
2026|573|5|10574|0
2026|120|12|10574|0
2026|146|4|10574|0
2026|3130|2|10574|0
2026|2817|2|10574|0
2026|2044|11|10574|0
2026|2223|5|10574|0
2026|2850|4|10574|0
2026|2818|2|10574|0
2026|2798|5|10574|0
2026|3271|16|10574|0
2026|2971|2|10574|0
2026|2953|6|10574|0
2026|3184|2|10574|0
2026|2478|3|10574|0
2026|2481|3|10574|0
2026|2127|11|10574|0
2026|2571|2|10577|0
2026|2282|11|10577|0
2026|2060|4|10577|0
2026|2168|2|10577|0
2026|2683|9|10577|0
2026|2836|8|10577|0
2026|2341|4|10577|0
2026|2284|4|10577|0
2026|2635|4|10577|0
2026|2317|11|10577|0
2026|2871|2|10577|0
2026|2829|2|10577|0
2026|2314|11|10577|0
2026|2788|10|10577|0
2026|2649|2|10577|0
2026|2302|5|10577|0
2026|2293|5|10577|0
2026|3246|7|10577|0
2026|2378|1|10578|1
2026|2392|1|10578|1
2026|11|1|10578|1
2026|58|1|10578|1
2026|2349|1|10578|1
2026|2440|1|10578|1
2026|2362|1|10578|1
2026|2370|1|10578|1
2026|2394|1|10578|1
2026|390|2|10578|0
2026|393|2|10578|0
2026|48|3|10578|0
2026|3109|11|10578|0
2026|2760|2|10578|0
2026|205|1|10578|1
2026|2521|8|10578|0
2026|2415|17|10578|0
2026|2852|6|10578|0
2026|200|2|10578|0
2026|2501|3|10578|0
2026|2902|2|10578|0
2026|2721|3|10578|0
2026|2444|9|10578|0
2026|3091|4|10578|0
2026|284|3|10578|0
2026|2306|5|10578|0
2026|2635|11|10578|0
2026|2712|2|10578|0
2026|2366|8|10578|0
2026|2648|3|10578|0
2026|2805|2|10578|0
2026|2544|9|10578|0
2026|2704|2|10578|0
2026|449|1|10579|1
2026|2376|1|10579|1
2026|2385|1|10579|1
2026|3008|4|10579|0
2026|3064|5|10579|0
2026|2879|5|10579|0
2026|2710|1|10579|1
2026|2658|1|10579|1
2026|2624|1|10579|1
2026|3129|1|10579|1
2026|2747|1|10579|1
2026|3132|1|10579|1
2026|2465|9|10579|0
2026|2511|10|10579|0
2026|2571|7|10579|0
2026|2684|4|10579|0
2026|2256|5|10579|0
2026|3247|7|10579|0
2026|69|3|10579|0
2026|2669|7|10579|0
2026|3233|5|10579|0
2026|2382|4|10579|0
2026|3263|10|10579|0
2026|598|3|10579|0
2026|3261|12|10579|0
2026|692|5|10579|0
2026|2755|4|10579|0
2026|2452|10|10579|0
2026|2990|8|10579|0
2026|296|7|10579|0
2026|3040|6|10579|0
2026|2796|4|10579|0
2026|2968|10|10579|0
2026|2729|4|10579|0
2026|3251|11|10579|0
2026|2852|3|10579|0
2026|2649|7|10579|0
2026|2871|10|10579|0
2026|2878|3|10579|0
2026|205|5|10579|0
2026|2517|7|10579|0
2026|2574|7|10579|0
2026|2158|1|10595|1
2026|2009|1|10595|1
2026|2117|1|10595|1
2026|2008|1|10595|1
2026|2051|1|10595|1
2026|2027|1|10595|1
2026|2141|4|10595|0
2026|2173|2|10595|0
2026|2275|2|10595|0
2026|2220|2|10595|0
2026|2096|2|10595|0
2026|2098|2|10595|0
2026|2235|5|10595|0
2026|2240|2|10595|0
2026|2243|4|10595|0
2026|2256|3|10595|0
2026|2025|2|10595|0
2026|2140|2|10595|0
2026|2040|8|10595|0
2026|2088|2|10595|0
2026|2093|2|10595|0
2026|2094|6|10595|0
2026|2119|6|10595|0
2026|2175|3|10595|0
2026|2070|2|10595|0
2026|3253|2|10595|0
2026|1129|2|10595|0
2026|2004|4|10595|0
2026|3187|7|10595|0
2026|2006|7|10595|0
2026|2528|16|10595|0
2026|2091|2|10595|0
2026|2007|3|10595|0
2026|2038|8|10595|0
2026|2056|2|10595|0
2026|2177|4|10595|0
2026|3054|11|10595|0
2026|172|13|10595|0
2026|1105|2|10595|0
2026|252|11|10595|0
2026|2469|9|10595|0
2026|2522|12|10595|0
2026|997|2|10595|0
2026|964|2|10595|0
2026|980|2|10595|0
2026|226|7|10595|0
2026|534|8|10595|0
2026|1077|2|10595|0
2026|794|6|10595|0
2026|2372|13|10595|0
2026|195|2|10595|0
2026|1010|2|10595|0
2026|1122|2|10595|0
2026|2341|12|10595|0
2026|2416|10|10595|0
2026|2685|3|10595|0
2026|2383|13|10595|0
2026|592|5|10595|0
2026|2452|12|10595|0
2026|2433|3|10595|0
2026|325|3|10595|0
2026|2631|8|10595|0
2026|3271|3|10595|0
2026|3264|7|10595|0
2026|3261|2|10595|0
2026|2813|11|10595|0
2026|229|3|10595|0
2026|193|9|10595|0
2026|2853|3|10595|0
2026|557|2|10595|0
2026|1128|2|10595|0
2026|212|2|10595|0
2026|2241|6|10595|0
2026|949|3|10595|0
2026|2406|14|10595|0
2026|3243|8|10595|0
2026|1044|2|10595|0
2026|724|11|10595|0
2026|2216|2|10595|0
2026|2202|2|10595|0
2026|2194|2|10595|0
2026|2150|3|10595|0
2026|2142|2|10595|0
2026|2599|14|10595|0
2026|2055|5|10595|0
2026|2099|12|10595|0
2026|2102|8|10595|0
2026|2012|2|10595|0
2026|2095|3|10595|0
2026|2113|2|10595|0
2026|2020|2|10595|0
2026|2078|2|10595|0
2026|2149|2|10595|0
2026|2021|2|10595|0
2026|2272|2|10595|0
2026|2101|3|10595|0
2026|2981|7|10595|0
2026|2667|13|10595|0
2026|2461|10|10595|0
2026|923|3|10595|0
2026|2517|12|10595|0
2026|2077|3|10595|0
2026|2190|2|10595|0
2026|2184|2|10595|0
2026|2270|2|10595|0
2026|3231|13|10595|0
2026|2057|3|10595|0
2026|2115|7|10595|0
2026|2183|2|10595|0
2026|2223|3|10595|0
2026|2747|14|10595|0
2026|2105|2|10595|0
2026|2108|2|10595|0
2026|2169|2|10595|0
2026|2900|14|10595|0
2026|2003|3|10595|0
2026|2028|4|10595|0
2026|2645|14|10595|0
2026|2167|2|10595|0
2026|2178|5|10595|0
2026|2050|2|10595|0
2026|2985|15|10595|0
2026|2156|3|10595|0
2026|2165|8|10595|0
2026|2879|12|10595|0
2026|2449|10|10595|0
2026|2224|1|10595|1
2026|2253|1|10595|1
2026|2005|1|10595|1
2026|972|1|10595|1
2026|1022|1|10595|1
2026|1008|1|10595|1
2026|2017|1|10595|1
2026|2030|1|10595|1
2026|994|1|10595|1
2026|1042|1|10595|1
2026|476|1|10595|1
2026|488|1|10595|1
2026|2049|1|10595|1
2026|2152|1|10595|1
2026|2016|1|10595|1
2026|1049|1|10595|1
2026|3254|1|10595|1
2026|3255|1|10595|1
2026|2155|1|10599|1
2026|2087|1|10599|1
2026|2257|1|10599|1
2026|2070|1|10599|1
2026|2085|1|10599|1
2026|2246|1|10599|1
2026|3179|12|10599|0
2026|2239|2|10599|0
2026|2241|1|10599|0
2026|2242|2|10599|0
2026|2248|3|10599|0
2026|2258|2|10599|0
2026|2249|3|10599|0
2026|2595|4|10599|0
2026|2561|10|10599|0
2026|2956|14|10599|0
2026|2724|10|10599|0
2026|2096|5|10599|0
2026|2216|5|10599|0
2026|2235|3|10599|0
2026|2261|5|10599|0
2026|2443|14|10599|0
2026|2586|11|10599|0
2026|3216|8|10599|0
2026|3078|13|10599|0
2026|2996|17|10599|0
2026|2057|5|10599|0
2026|2094|2|10599|0
2026|2119|5|10599|0
2026|2124|2|10599|0
2026|2165|14|10599|0
2026|579|15|10599|0
2026|2510|9|10599|0
2026|2702|11|10599|0
2026|2541|12|10599|0
2026|2040|3|10599|0
2026|2463|10|10599|0
2026|2336|13|10599|0
2026|1108|2|10599|0
2026|988|2|10599|0
2026|2114|3|10599|0
2026|2038|4|10599|0
2026|2016|6|10599|0
2026|1081|2|10599|0
2026|2318|12|10599|0
2026|1|13|10599|0
2026|980|3|10599|0
2026|2288|11|10599|0
2026|298|10|10599|0
2026|1049|5|10599|0
2026|2467|11|10599|0
2026|2372|11|10599|0
2026|364|10|10599|0
2026|471|12|10599|0
2026|2326|15|10599|0
2026|2383|11|10599|0
2026|779|12|10599|0
2026|784|7|10599|0
2026|978|2|10599|0
2026|948|3|10599|0
2026|976|4|10599|0
2026|410|7|10599|0
2026|3257|5|10599|0
2026|3271|8|10599|0
2026|3256|3|10599|0
2026|3266|5|10599|0
2026|3268|2|10599|0
2026|2269|9|10599|0
2026|2195|8|10599|0
2026|2122|7|10599|0
2026|1137|2|10599|0
2026|1112|2|10599|0
2026|2497|8|10599|0
2026|2006|16|10599|0
2026|2062|2|10599|0
2026|2080|7|10599|0
2026|3169|12|10599|0
2026|3170|12|10599|0
2026|2238|7|10599|0
2026|2118|3|10599|0
2026|2131|6|10599|0
2026|2136|2|10599|0
2026|2130|4|10599|0
2026|3093|13|10599|0
2026|2140|9|10599|0
2026|2215|4|10599|0
2026|2217|4|10599|0
2026|2271|3|10599|0
2026|2058|6|10599|0
2026|2068|4|10599|0
2026|2069|5|10599|0
2026|3080|12|10599|0
2026|3072|11|10599|0
2026|2138|3|10599|0
2026|2147|3|10599|0
2026|2193|4|10599|0
2026|2199|4|10599|0
2026|2173|3|10599|0
2026|2196|2|10599|0
2026|2179|4|10599|0
2026|2211|3|10599|0
2026|2197|4|10599|0
2026|3200|2|10599|0
2026|2969|9|10599|0
2026|3199|7|10599|0
2026|2061|3|10599|0
2026|2916|11|10599|0
2026|2029|4|10599|0
2026|2047|4|10599|0
2026|2488|11|10599|0
2026|2722|4|10599|0
2026|1136|4|10599|0
2026|2154|2|10599|0
2026|2076|2|10599|0
2026|2045|3|10599|0
2026|2442|4|10599|0
2026|2675|11|10599|0
2026|2686|7|10599|0
2026|2695|11|10599|0
2026|2908|12|10599|0
2026|257|10|10599|0
2026|2954|11|10599|0
2026|2975|9|10599|0
2026|2066|3|10599|0
2026|2072|7|10599|0
2026|2128|2|10599|0
2026|2231|3|10599|0
2026|2121|2|10599|0
2026|2132|3|10599|0
2026|2148|10|10599|0
2026|2156|4|10599|0
2026|2187|7|10599|0
2026|2834|11|10599|0
2026|2015|8|10599|0
2026|2244|2|10599|0
2026|2017|12|10599|0
2026|2039|2|10599|0
2026|2055|8|10599|0
2026|2115|4|10599|0
2026|1010|1|10599|1
2026|2044|3|10599|0
2026|2127|3|10599|0
2026|2600|14|10599|0
2026|2607|10|10599|0
2026|2734|12|10599|0
2026|2160|1|10599|1
2026|974|1|10599|1
2026|2262|1|10599|1
2026|2086|1|10599|1
2026|2255|1|10599|1
2026|2167|1|10599|1
2026|2875|13|10600|0
2026|2077|8|10600|0
2026|2428|7|10600|0
2026|3198|14|10600|0
2026|3078|11|10600|0
2026|3179|11|10600|0
2026|2831|8|10600|0
2026|2016|8|10600|0
2026|2038|7|10600|0
2026|3271|9|10600|0
2026|3010|10|10600|0
2026|3047|12|10600|0
2026|2336|11|10600|0
2026|692|9|10600|0
2026|2443|10|10600|0
2026|2936|11|10600|0
2026|974|2|10600|0
2026|2445|7|10600|0
2026|1081|5|10600|0
2026|471|11|10600|0
2026|2894|10|10600|0
2026|3048|9|10600|0
2026|19|11|10600|0
2026|214|10|10600|0
2026|2921|11|10600|0
2026|3000|11|10600|0
2026|2341|11|10600|0
2026|2838|13|10600|0
2026|2860|11|10600|0
2026|2866|11|10600|0
2026|2261|7|10600|0
2026|2266|4|10600|0
2026|2267|4|10600|0
2026|2271|5|10600|0
2026|3020|10|10600|0
2026|976|2|10600|0
2026|2174|7|10600|0
2026|2225|5|10600|0
2026|2226|4|10600|0
2026|2234|2|10600|0
2026|2241|7|10600|0
2026|2248|5|10600|0
2026|2069|8|10600|0
2026|2058|9|10600|0
2026|2115|9|10600|0
2026|2126|7|10600|0
2026|2127|6|10600|0
2026|2153|5|10600|0
2026|2048|6|10600|0
2026|2055|14|10600|0
2026|2173|7|10600|0
2026|2199|6|10600|0
2026|2211|10|10600|0
2026|1108|5|10600|0
2026|2258|6|10600|0
2026|2249|5|10600|0
2026|2015|15|10600|0
2026|2017|15|10600|0
2026|2019|4|10600|0
2026|2040|14|10600|0
2026|2195|6|10600|0
2026|2215|8|10600|0
2026|2076|4|10600|0
2026|2042|5|10600|0
2026|2130|6|10600|0
2026|2237|4|10600|0
2026|2269|8|10600|0
2026|2238|6|10600|0
2026|2217|5|10600|0
2026|2193|7|10600|0
2026|2242|7|10600|0
2026|2118|7|10600|0
2026|3227|11|10600|0
2026|2080|5|10600|0
2026|2047|7|10600|0
2026|2068|9|10600|0
2026|2262|7|10600|0
2026|2257|6|10600|0
2026|764|11|10600|0
2026|2874|11|10600|0
2026|3017|3|10600|0
2026|2481|13|10600|0
2026|2085|3|10600|0
2026|2246|5|10600|0
2026|3173|11|10600|0
2026|3185|7|10600|0
2026|824|12|10600|0
2026|3052|13|10600|0
2026|2790|8|10600|0
2026|2534|11|10600|0
2026|2205|1|10600|1
2026|2229|1|10600|1
2026|2600|12|10600|0
2026|2940|14|10600|0
2026|2731|6|10600|0
2026|2876|11|10600|0
2026|2233|1|10600|1
2026|2198|1|10600|1
2026|2136|1|10600|1
2026|2147|1|10600|1
2026|2192|1|10600|1
2026|2250|1|10600|1
2026|1137|1|10600|1
2026|3268|1|10600|1
2026|2131|1|10600|1
2026|790|1|10600|1
2026|988|1|10600|1
2026|2197|1|10600|1
2026|2138|1|10600|1
2026|2122|1|10600|1
2026|2145|1|10600|1
2026|2236|1|10600|1
2026|2144|1|10600|1
2026|2088|1|10604|1
2026|2102|1|10604|1
2026|2093|1|10604|1
2026|2270|1|10604|1
2026|2095|1|10604|1
2026|2098|1|10604|1
2026|2140|5|10604|0
2026|2030|4|10604|0
2026|2043|2|10604|0
2026|2049|3|10604|0
2026|2096|4|10604|0
2026|2153|2|10604|0
2026|2141|2|10604|0
2026|2025|4|10604|0
2026|2134|2|10604|0
2026|2114|6|10604|0
2026|2113|4|10604|0
2026|2194|3|10604|0
2026|2051|3|10604|0
2026|2094|8|10604|0
2026|2100|2|10604|0
2026|2158|3|10604|0
2026|2179|2|10604|0
2026|2126|2|10604|0
2026|2253|3|10604|0
2026|2029|2|10604|0
2026|2061|2|10604|0
2026|2040|10|10604|0
2026|3191|12|10604|0
2026|2006|9|10604|0
2026|2175|2|10604|0
2026|2183|6|10604|0
2026|2222|3|10604|0
2026|2235|2|10604|0
2026|2809|6|10604|0
2026|2250|2|10604|0
2026|380|11|10604|0
2026|2332|3|10604|0
2026|2872|14|10604|0
2026|2784|16|10604|0
2026|2057|4|10604|0
2026|2119|3|10604|0
2026|2437|12|10604|0
2026|3165|14|10604|0
2026|2997|14|10604|0
2026|3149|14|10604|0
2026|3269|6|10604|0
2026|877|8|10604|0
2026|692|10|10604|0
2026|2478|8|10604|0
2026|1042|6|10604|0
2026|2469|10|10604|0
2026|2533|12|10604|0
2026|2522|13|10604|0
2026|488|6|10604|0
2026|1022|3|10604|0
2026|193|16|10604|0
2026|195|10|10604|0
2026|48|13|10604|0
2026|2786|10|10604|0
2026|994|4|10604|0
2026|1124|3|10604|0
2026|2433|4|10604|0
2026|212|12|10604|0
2026|225|13|10604|0
2026|749|7|10604|0
2026|2417|8|10604|0
2026|980|9|10604|0
2026|997|6|10604|0
2026|982|5|10604|0
2026|1142|3|10604|0
2026|1129|4|10604|0
2026|3258|2|10604|0
2026|2685|5|10604|0
2026|226|9|10604|0
2026|2383|14|10604|0
2026|2405|11|10604|0
2026|786|12|10604|0
2026|680|10|10604|0
2026|1044|7|10604|0
2026|3265|2|10604|0
2026|3266|10|10604|0
2026|3264|11|10604|0
2026|3263|4|10604|0
2026|2414|5|10604|0
2026|2185|4|10604|0
2026|2103|5|10604|0
2026|2227|3|10604|0
2026|2273|3|10604|0
2026|2035|6|10604|0
2026|2239|4|10604|0
2026|1008|4|10604|0
2026|1049|4|10604|0
2026|476|4|10604|0
2026|949|6|10604|0
2026|2406|11|10604|0
2026|2106|2|10604|0
2026|2112|2|10604|0
2026|2142|3|10604|0
2026|2216|9|10604|0
2026|2269|3|10604|0
2026|2048|5|10604|0
2026|2067|2|10604|0
2026|2036|3|10604|0
2026|2037|4|10604|0
2026|2058|3|10604|0
2026|2104|3|10604|0
2026|2110|3|10604|0
2026|1169|7|10604|0
2026|2549|14|10604|0
2026|2552|10|10604|0
2026|3118|16|10604|0
2026|3131|10|10604|0
2026|2718|9|10604|0
2026|2695|13|10604|0
2026|112|4|10604|0
2026|600|12|10604|0
2026|2517|14|10604|0
2026|2905|6|10604|0
2026|2512|3|10604|0
2026|2675|12|10604|0
2026|2476|15|10604|0
2026|2742|11|10604|0
2026|2749|16|10604|0
2026|2770|7|10604|0
2026|3183|10|10604|0
2026|2252|3|10604|0
2026|2167|5|10604|0
2026|2187|9|10604|0
2026|2072|5|10604|0
2026|3208|10|10604|0
2026|2637|6|10604|0
2026|2152|2|10604|0
2026|2156|5|10604|0
2026|2169|3|10604|0
2026|2178|9|10604|0
2026|2245|3|10604|0
2026|2251|2|10604|0
2026|2039|4|10604|0
2026|2055|11|10604|0
2026|2107|3|10604|0
2026|2108|5|10604|0
2026|2123|4|10604|0
2026|2137|2|10604|0
2026|2001|4|10604|0
2026|2003|4|10604|0
2026|2015|10|10604|0
2026|2026|8|10604|0
2026|2027|7|10604|0
2026|2028|6|10604|0
2026|2017|13|10604|0
2026|2004|17|10604|0
2026|2005|13|10604|0
2026|2007|5|10604|0
2026|2772|13|10604|0
2026|2008|10|10604|0
2026|2031|5|10604|0
2026|2021|6|10604|0
2026|2020|4|10604|0
2026|2016|18|10604|0
2026|2176|4|10604|0
2026|2172|4|10604|0
2026|2056|8|10604|0
2026|2041|4|10604|0
2026|2038|17|10604|0
2026|2032|4|10604|0
2026|2148|12|10604|0
2026|2101|5|10604|0
2026|2272|4|10604|0
2026|2224|30|10604|0
2026|2177|8|10604|0
2026|2117|13|10604|0
2026|2099|15|10604|0
2026|2079|3|10604|0
2026|2059|1|10604|1
2026|2244|1|10604|1
2026|2019|1|10604|1
2026|2150|1|10604|1
2026|2165|1|10604|1
2026|2775|5|10604|0
2026|1105|1|10604|1
2026|3267|1|10604|1
2026|964|1|10604|1
2026|2011|1|10604|1
2026|2243|1|10604|1
2026|1122|1|10604|1
2026|2002|2|10607|0
2026|3177|8|10607|0
2026|3187|6|10607|0
2026|2222|4|10607|0
2026|2274|3|10607|0
2026|2038|10|10607|0
2026|2005|9|10607|0
2026|2031|3|10607|0
2026|2017|7|10607|0
2026|2008|6|10607|0
2026|2004|10|10607|0
2026|684|13|10607|0
2026|226|2|10607|0
2026|907|12|10607|0
2026|26|9|10607|0
2026|2989|11|10607|0
2026|2985|13|10607|0
2026|3052|16|10607|0
2026|2996|21|10607|0
2026|195|5|10607|0
2026|229|6|10607|0
2026|762|4|10607|0
2026|452|8|10607|0
2026|2140|12|10607|0
2026|2113|6|10607|0
2026|2142|6|10607|0
2026|2150|7|10607|0
2026|2252|5|10607|0
2026|2214|5|10607|0
2026|2102|10|10607|0
2026|2012|5|10607|0
2026|2015|14|10607|0
2026|2025|5|10607|0
2026|2026|13|10607|0
2026|2027|11|10607|0
2026|2028|8|10607|0
2026|2034|6|10607|0
2026|2119|7|10607|0
2026|2165|16|10607|0
2026|2175|5|10607|0
2026|2099|18|10607|0
2026|2210|2|10607|0
2026|3085|9|10607|0
2026|3096|8|10607|0
2026|3166|2|10607|0
2026|2117|8|10607|0
2026|2495|10|10607|0
2026|2109|1|10607|1
2026|1158|1|10607|1
2026|2245|1|10607|1
2026|2275|1|10607|1
2026|2218|1|10607|1
2026|2254|1|10607|1
2026|2151|1|10607|1
2026|2220|1|10607|1
2026|2146|1|10607|1
2026|2164|1|10607|1
2026|2596|5|10609|0
2026|2476|7|10609|0
2026|3174|5|10609|0
2026|2549|9|10609|0
2026|2101|7|10609|0
2026|2174|12|10609|0
2026|2670|1|10609|1
2026|2995|1|10609|1
2026|2829|8|10609|0
2026|2421|8|10609|0
2026|2466|9|10609|0
2026|2808|6|10609|0
2026|2656|1|10609|1
2026|2672|1|10609|1
2026|2099|20|10609|0
2026|2134|6|10609|0
2026|2837|9|10609|0
2026|2405|5|10609|0
2026|635|4|10609|0
2026|740|4|10609|0
2026|2419|1|10610|1
2026|2450|1|10610|1
2026|2455|1|10610|1
2026|2756|3|10610|0
2026|2415|1|10610|1
2026|149|6|10610|0
2026|579|5|10610|0
2026|2908|8|10610|0
2026|2659|12|10610|0
2026|257|5|10610|0
2026|2326|12|10610|0
2026|2837|1|10612|1
2026|2940|1|10612|1
2026|2754|5|10612|0
2026|2596|3|10612|0
2026|2717|5|10612|0
2026|2922|9|10612|0
2026|3035|1|10612|1
2026|3163|5|10612|0
2026|3229|3|10612|0
2026|2367|2|10612|0
2026|2280|2|10612|0
2026|2112|10|10612|0
2026|3109|1|10612|1
2026|2361|8|10612|0
2026|2893|6|10612|0
2026|2947|5|10612|0
2026|2398|5|10612|0
2026|2889|6|10612|0
2026|2966|5|10612|0
2026|2979|4|10612|0
2026|2852|5|10612|0
2026|2857|4|10612|0
2026|3005|14|10612|0
2026|3261|9|10612|0
2026|2470|4|10612|0
2026|2506|9|10612|0
2026|3040|8|10612|0
2026|2566|5|10612|0
2026|3008|6|10612|0
2026|2303|7|10612|0
2026|2415|15|10612|0
2026|149|3|10614|0
2026|2303|1|10620|1
2026|153|1|10620|1
2026|2523|1|10620|1
2026|2458|1|10620|1
2026|3002|1|10620|1
2026|2935|1|10620|1
2026|2091|8|10620|0
2026|2394|7|10620|0
2026|2679|5|10620|0
2026|2683|6|10620|0
2026|2836|9|10620|0
2026|2970|7|10620|0
2026|3148|9|10620|0
2026|3147|9|10620|0
2026|3146|9|10620|0
2026|2708|6|10620|0
2026|2706|8|10620|0
2026|2285|4|10620|0
2026|248|8|10620|0
2026|2327|3|10620|0
2026|406|4|10620|0
2026|198|6|10620|0
2026|200|6|10620|0
2026|2914|4|10620|0
2026|2406|9|10620|0
2026|2475|11|10620|0
2026|3088|8|10620|0
2026|2479|10|10620|0
2026|2405|10|10620|0
2026|2282|9|10620|0
2026|2370|6|10620|0
2026|3015|3|10620|0
2026|2450|11|10620|0
2026|2026|16|10620|0
2026|2588|7|10620|0
2026|2284|11|10620|0
2026|2190|10|10620|0
2026|2717|6|10620|0
2026|2917|9|10620|0
2026|2655|10|10620|0
2026|2528|8|10620|0
2026|2753|1|10622|1
2026|2357|1|10622|1
2026|2388|1|10622|1
2026|2363|1|10622|1
2026|2364|1|10622|1
2026|15|1|10622|1
2026|2031|9|10622|0
2026|2733|2|10622|0
2026|3236|14|10622|0
2026|2511|7|10622|0
2026|2679|10|10622|0
2026|2683|10|10622|0
2026|2836|10|10622|0
2026|2736|7|10622|0
2026|3192|4|10622|0
2026|2997|5|10622|0
2026|3150|8|10622|0
2026|2588|4|10622|0
2026|2800|4|10622|0
2026|2392|6|10622|0
2026|393|6|10622|0
2026|691|6|10622|0
2026|11|5|10622|0
2026|2306|4|10622|0
2026|2372|8|10622|0
2026|2361|10|10622|0
2026|3016|7|10622|0
2026|489|8|10622|0
2026|886|2|10622|0
2026|3001|2|10622|0
2026|2854|6|10622|0
2026|3046|3|10622|0
2026|3014|5|10622|0
2026|521|5|10622|0
2026|2359|4|10622|0
2026|2970|3|10622|0
2026|2979|6|10622|0
2026|2573|3|10622|0
2026|2789|3|10622|0
2026|2524|9|10622|0
2026|2485|7|10622|0
2026|3142|7|10622|0
2026|2846|3|10622|0
2026|2566|6|10622|0
2026|2796|6|10622|0
2026|2544|10|10622|0
2026|2983|2|10622|0
2026|346|4|10622|0
2026|3060|9|10622|0
2026|2528|3|10622|0
2026|2897|7|10622|0
2026|2355|1|10622|1
2026|3012|3|10622|0
2026|3108|6|10622|0
2026|3204|7|10622|0
2026|3099|6|10622|0
2026|2659|11|10622|0
2026|2312|5|10623|0
2026|532|9|10623|0
2026|2450|12|10623|0
2026|3002|2|10623|0
2026|2935|2|10623|0
2026|2523|4|10623|0
2026|2824|7|10623|0
2026|2307|4|10623|0
2026|2626|7|10623|0
2026|513|6|10623|0
2026|2680|10|10623|0
2026|2330|8|10623|0
2026|2458|2|10623|0
2026|2303|3|10623|0
2026|2816|9|10623|0
2026|2814|9|10623|0
2026|2903|6|10623|0
2026|802|5|10623|0
2026|2597|5|10624|0
2026|3115|3|10624|0
2026|3032|3|10624|0
2026|3042|3|10624|0
2026|2504|10|10624|0
2026|2773|5|10624|0
2026|2381|7|10624|0
2026|2744|9|10624|0
2026|2388|9|10624|0
2026|2814|2|10624|0
2026|2816|2|10624|0
2026|2890|2|10624|0
2026|2852|1|10626|1
2026|2618|1|10626|1
2026|396|1|10626|1
2026|3204|1|10626|1
2026|3242|1|10626|1
2026|2588|8|10626|0
2026|2511|1|10626|1
2026|2188|7|10626|0
2026|2704|1|10626|1
2026|3068|1|10626|1
2026|3060|1|10626|1
2026|2885|1|10626|1
2026|3008|1|10626|1
2026|559|6|10626|0
2026|2385|7|10626|0
2026|2440|7|10626|0
2026|2849|6|10626|0
2026|2778|2|10626|0
2026|2030|14|10626|0
2026|579|10|10626|0
2026|400|3|10626|0
2026|218|4|10626|0
2026|2989|2|10626|0
2026|3149|7|10626|0
2026|679|5|10626|0
2026|2452|9|10626|0
2026|2391|7|10626|0
2026|2501|8|10626|0
2026|449|7|10626|0
2026|598|5|10626|0
2026|2306|3|10626|0
2026|3002|3|10626|0
2026|2313|11|10626|0
2026|2018|2|10626|0
2026|3032|5|10626|0
2026|3042|5|10626|0
2026|2833|4|10626|0
2026|2364|10|10626|0
2026|2272|6|10626|0
2026|2548|6|10626|0
2026|3159|11|10626|0
2026|2707|5|10626|0
2026|2495|7|10626|0
2026|2659|7|10626|0
2026|2917|5|10626|0
2026|205|4|10626|0
2026|3030|5|10626|0
2026|2884|7|10626|0
2026|2363|4|10626|0
2026|2664|4|10640|0
2026|2742|6|10640|0
2026|2770|5|10640|0
2026|2552|7|10640|0
2026|2718|3|10640|0
2026|2553|6|10640|0
2026|3064|1|10641|1
2026|3190|1|10641|1
2026|3225|1|10641|1
2026|3229|1|10641|1
2026|3230|1|10641|1
2026|644|1|10641|1
2026|2739|1|10641|1
2026|2679|1|10641|1
2026|2683|1|10641|1
2026|3162|1|10641|1
2026|3248|1|10641|1
2026|3213|10|10641|0
2026|2991|3|10641|0
2026|502|8|10641|0
2026|513|4|10641|0
2026|2952|8|10641|0
2026|2929|1|10641|1
2026|2313|5|10641|0
2026|2327|5|10641|0
2026|2321|10|10641|0
2026|2350|8|10641|0
2026|739|2|10641|0
2026|3195|5|10641|0
2026|2893|10|10641|0
2026|2404|8|10641|0
2026|2373|10|10641|0
2026|2290|9|10641|0
2026|2361|5|10641|0
2026|2848|6|10641|0
2026|2314|12|10641|0
2026|2406|8|10641|0
2026|2401|3|10641|0
2026|200|3|10641|0
2026|2402|4|10641|0
2026|2405|8|10641|0
2026|2524|11|10641|0
2026|2544|6|10641|0
2026|2388|4|10641|0
2026|3023|3|10641|0
2026|2881|3|10641|0
2026|2796|7|10641|0
2026|2900|7|10641|0
2026|2632|7|10641|0
2026|2744|7|10641|0
2026|3163|10|10641|0
2026|2320|5|10641|0
2026|284|10|10641|0
2026|637|1|10641|1
2026|2626|1|10641|1
2026|2779|1|10641|1
2026|2836|1|10641|1
2026|2567|9|10641|0
2026|2367|4|10641|0
2026|2634|5|10644|0
2026|2889|3|10644|0
2026|2539|8|10644|0
2026|2336|10|10644|0
2026|2809|5|10644|0
2026|2465|4|10644|0
2026|2680|8|10644|0
2026|2889|1|10648|1
2026|2021|10|10648|0
2026|2734|9|10648|0
2026|3106|5|10648|0
2026|3113|6|10648|0
2026|3095|5|10648|0
2026|3083|5|10648|0
2026|268|3|10648|0
2026|3096|5|10648|0
2026|2022|5|10648|0
2026|3089|5|10648|0
2026|2416|8|10648|0
2026|2858|4|10648|0
2026|3085|5|10648|0
2026|69|4|10651|0
2026|26|8|10651|0
2026|192|8|10651|0
2026|15|9|10651|0
2026|153|2|10651|0
2026|692|7|10651|0
2026|306|6|10651|0
2026|802|8|10651|0
2026|997|11|10651|0
2026|172|11|10651|0
2026|651|6|10651|0
2026|2712|10|10653|0
2026|2366|4|10653|0
2026|2721|6|10653|0
2026|2777|6|10653|0
2026|2394|4|10653|0
2026|2289|8|10653|0
2026|2295|5|10653|0
2026|3102|6|10653|0
2026|195|15|10653|0
2026|3134|10|10653|0
2026|3135|10|10653|0
2026|3237|10|10653|0
2026|2855|9|10653|0
2026|2116|5|10653|0
2026|200|5|10653|0
2026|2350|9|10653|0
2026|691|5|10653|0
2026|2349|3|10653|0
2026|2362|4|10653|0
2026|3035|8|10653|0
2026|2475|9|10653|0
2026|2982|9|10653|0
2026|212|19|10653|0
2026|2823|4|10653|0
2026|2833|9|10653|0
2026|3041|6|10653|0
2026|2054|2|10653|0
2026|2635|10|10653|0
2026|2355|4|10653|0
2026|2415|11|10653|0
2026|198|4|10653|0
2026|3091|9|10653|0
2026|3044|4|10653|0
2026|2282|7|10653|0
2026|2809|1|10659|1
2026|2553|1|10659|1
2026|2813|2|10659|0
2026|2675|3|10659|0
2026|2041|5|10659|0
2026|3191|6|10659|0
2026|2552|1|10659|1
2026|2908|3|10659|0
2026|2373|2|10659|0
2026|2520|3|10659|0
2026|2091|7|10659|0
2026|2414|3|10659|0
2026|2710|7|10659|0
2026|2729|2|10659|0
2026|2490|3|10659|0
2026|2489|3|10659|0
2026|2054|3|10659|0
2026|2781|10|10659|0
2026|675|1|10666|1
2026|3102|8|10666|0
2026|2357|2|10666|0
2026|2507|7|10666|0
2026|3172|7|10666|0
2026|2464|10|10666|0
2026|651|3|10666|0
2026|2440|9|10666|0
2026|2760|5|10666|0
2026|691|8|10666|0
2026|3150|3|10666|0
2026|2504|2|10666|0
2026|396|6|10666|0
2026|3016|4|10666|0
2026|2392|3|10666|0
2026|2546|4|10666|0
2026|3236|12|10666|0
2026|58|2|10666|0
2026|205|2|10666|0
2026|2897|3|10666|0
2026|2650|10|10666|0
2026|3003|9|10666|0
2026|2704|3|10666|0
2026|2382|2|10666|0
2026|2501|1|10666|1
2026|2846|1|10666|1
2026|2349|5|10666|0
2026|2802|1|10666|1
2026|390|1|10666|1
2026|393|1|10666|1
2026|2820|10|10667|0
2026|2778|4|10667|0
2026|2754|1|10667|1
2026|598|2|10667|0
2026|2584|2|10667|0
2026|2511|8|10667|0
2026|2781|6|10667|0
2026|3192|5|10667|0
2026|2358|3|10667|0
2026|3239|4|10667|0
2026|2858|9|10667|0
2026|2854|7|10667|0
2026|651|5|10667|0
2026|2452|8|10667|0
2026|306|5|10667|0
2026|3035|4|10667|0
2026|2729|8|10667|0
2026|2650|8|10667|0
2026|2274|7|10667|0
2026|153|8|10667|0
2026|2882|6|10667|0
2026|2801|4|10667|0
2026|2160|9|10667|0
2026|3023|9|10667|0
2026|3064|4|10667|0
2026|2354|4|10667|0
2026|2645|7|10667|0
2026|3204|4|10667|0
2026|3095|2|10669|0
2026|3113|2|10669|0
2026|3096|2|10669|0
2026|2680|9|10669|0
2026|3085|2|10669|0
2026|3106|2|10669|0
2026|3140|2|10669|0
2026|3143|2|10669|0
2026|3089|2|10669|0
2026|2300|1|10670|1
2026|2311|1|10670|1
2026|2309|1|10670|1
2026|2319|1|10670|1
2026|2431|1|10670|1
2026|2746|3|10670|0
2026|2738|2|10670|0
2026|2741|2|10670|0
2026|2291|3|10670|0
2026|2284|2|10670|0
2026|3210|3|10670|0
2026|2626|2|10670|0
2026|2855|1|10676|1
2026|2900|10|10676|0
2026|2244|5|10676|0
2026|2588|10|10676|0
2026|2648|8|10676|0
2026|2801|5|10676|0
2026|2367|3|10676|0
2026|3145|8|10676|0
2026|2089|8|10676|0
2026|2753|7|10676|0
2026|3133|1|10676|1
2026|2980|5|10676|0
2026|2819|7|10676|0
2026|2830|5|10676|0
2026|200|4|10676|0
2026|2361|4|10676|0
2026|3150|10|10676|0
2026|284|7|10676|0
2026|3040|10|10676|0
2026|2086|9|10676|0
2026|2566|3|10676|0
2026|3050|7|10676|0
2026|2979|9|10676|0
2026|2902|1|10677|1
2026|2576|1|10677|1
2026|2588|3|10677|0
2026|2366|5|10677|0
2026|2438|3|10677|0
2026|2719|4|10677|0
2026|3187|2|10677|0
2026|2098|6|10677|0
2026|2150|12|10677|0
2026|2917|1|10677|1
2026|2568|1|10677|1
2026|2566|1|10677|1
2026|3150|2|10677|0
2026|2824|4|10677|0
2026|2855|2|10677|0
2026|2819|8|10677|0
2026|2683|5|10677|0
2026|2720|3|10677|0
2026|3002|7|10677|0
2026|2959|7|10677|0
2026|2303|4|10677|0
2026|605|4|10677|0
2026|889|2|10677|0
2026|538|4|10677|0
2026|3174|2|10677|0
2026|3060|3|10677|0
2026|2548|2|10677|0
2026|2498|3|10677|0
2026|2473|4|10677|0
2026|2165|21|10677|0
2026|2814|1|10678|1
2026|2816|1|10678|1
2026|2739|7|10678|0
2026|2744|8|10678|0
2026|2719|10|10678|0
2026|3174|7|10678|0
2026|2679|4|10678|0
2026|2098|5|10678|0
2026|2150|13|10678|0
2026|2544|7|10678|0
2026|3190|5|10678|0
2026|2824|10|10678|0
2026|637|3|10678|0
2026|644|3|10678|0
2026|513|5|10678|0
2026|3002|5|10678|0
2026|2857|7|10678|0
2026|786|10|10678|0
2026|889|9|10678|0
2026|2902|8|10678|0
2026|3183|9|10678|0
2026|2917|10|10678|0
2026|2165|20|10678|0
2026|2881|2|10678|0
2026|2568|4|10678|0
2026|2718|4|10678|0
2026|2650|2|10682|0
2026|2744|6|10682|0
2026|3183|5|10682|0
2026|2026|15|10682|0
2026|2718|2|10682|0
2026|3230|8|10682|0
2026|786|6|10682|0
2026|2291|9|10682|0
2026|964|15|10682|0
2026|3195|4|10682|0
2026|2781|1|10686|1
2026|2778|1|10686|1
2026|2390|12|10686|0
2026|2796|1|10686|1
2026|2465|3|10686|0
2026|2511|2|10686|0
2026|2771|1|10686|1
2026|2468|4|10686|0
2026|2459|5|10686|0
2026|2466|5|10686|0
2026|3159|2|10686|0
2026|2762|3|10686|0
2026|2396|5|10686|0
2026|2373|4|10686|0
2026|449|3|10686|0
2026|420|2|10686|0
2026|2337|3|10686|0
2026|3063|9|10686|0
2026|2634|4|10686|0
2026|2355|5|10686|0
2026|225|10|10686|0
2026|3060|6|10686|0
2026|2298|8|10686|0
2026|2747|8|10686|0
2026|2624|5|10686|0
2026|725|1|10691|1
2026|3045|1|10691|1
2026|3052|1|10691|1
2026|2181|5|10691|0
2026|2586|3|10691|0
2026|2890|3|10691|0
2026|2381|4|10691|0
2026|2317|8|10691|0
2026|2289|9|10691|0
2026|2365|2|10691|0
2026|2488|4|10691|0
2026|2183|10|10692|0
2026|2043|9|10692|0
2026|2226|7|10692|0
2026|2179|9|10692|0
2026|2037|11|10692|0
2026|2038|21|10692|0
2026|3029|9|10692|0
2026|2811|9|10692|0
2026|2784|9|10692|0
2026|3172|2|10692|0
2026|3175|8|10692|0
2026|2007|9|10692|0
2026|2177|11|10692|0
2026|229|10|10692|0
2026|2391|10|10692|0
2026|226|19|10692|0
2026|1077|8|10692|0
2026|2028|13|10692|0
2026|2850|8|10692|0
2026|2277|12|10692|0
2026|2222|12|10692|0
2026|2783|3|10692|0
2026|2041|9|10692|0
2026|2002|8|10692|0
2026|2003|10|10692|0
2026|2184|6|10692|0
2026|2961|1|10693|1
2026|2934|1|10693|1
2026|2380|3|10693|0
2026|3050|5|10693|0
2026|2978|2|10693|0
2026|2518|3|10693|0
2026|3214|6|10693|0
2026|3198|7|10693|0
2026|2235|9|10693|0
2026|2719|1|10693|1
2026|2824|1|10693|1
2026|2912|1|10693|1
2026|2380|1|10694|1
2026|2307|1|10694|1
2026|2330|1|10694|1
2026|2518|1|10694|1
2026|2708|1|10694|1
2026|2567|6|10694|0
2026|2680|7|10694|0
2026|2778|3|10694|0
2026|2225|7|10694|0
2026|2706|1|10694|1
2026|2317|4|10694|0
2026|2328|3|10694|0
2026|2583|7|10694|0
2026|2934|2|10694|0
2026|3172|9|10694|0
2026|2781|7|10694|0
2026|2824|9|10694|0
2026|3147|6|10694|0
2026|2394|2|10694|0
2026|2289|6|10694|0
2026|3135|8|10694|0
2026|2295|3|10694|0
2026|2349|2|10694|0
2026|2362|2|10694|0
2026|3134|8|10694|0
2026|3148|7|10694|0
2026|3237|8|10694|0
2026|2912|4|10694|0
2026|786|5|10694|0
2026|2450|10|10694|0
2026|2961|2|10694|0
2026|396|7|10694|0
2026|2313|7|10694|0
2026|172|9|10694|0
2026|2479|7|10694|0
2026|2669|9|10694|0
2026|2388|6|10694|0
2026|2635|7|10694|0
2026|2392|11|10694|0
2026|2615|11|10694|0
2026|2320|7|10694|0
2026|2312|6|10694|0
2026|2787|7|10694|0
2026|284|6|10694|0
2026|532|7|10694|0
2026|3118|9|10694|0
2026|2712|9|10694|0
2026|2648|7|10694|0
2026|2632|5|10694|0
2026|2719|9|10694|0
2026|2777|4|10694|0
2026|3183|4|10694|0
2026|2991|1|10695|1
2026|2277|1|10695|1
2026|2225|8|10695|0
2026|2305|1|10695|1
2026|2175|14|10695|0
2026|2140|17|10695|0
2026|2652|9|10695|0
2026|2708|2|10695|0
2026|3253|6|10695|0
2026|502|6|10695|0
2026|2861|9|10695|0
2026|2615|6|10695|0
2026|2226|5|10695|0
2026|2294|2|10695|0
2026|1108|8|10695|0
2026|2525|9|10695|0
2026|2669|6|10695|0
2026|2947|6|10695|0
2026|70|2|10695|0
2026|2289|2|10695|0
2026|2893|7|10695|0
2026|406|13|10695|0
2026|695|3|10695|0
2026|521|4|10695|0
2026|2951|4|10695|0
2026|779|3|10695|0
2026|2631|2|10695|0
2026|3266|14|10695|0
2026|2028|14|10695|0
2026|3104|7|10695|0
2026|2330|11|10695|0
2026|2036|12|10695|0
2026|2035|12|10695|0
2026|2171|4|10695|0
2026|2793|6|10695|0
2026|2015|16|10695|0
2026|2818|3|10695|0
2026|2214|7|10695|0
2026|3142|6|10695|0
2026|2364|9|10695|0
2026|2854|11|10695|0
2026|128|3|10695|0
2026|420|7|10695|0
2026|2524|7|10695|0
2026|2744|4|10695|0
2026|2797|4|10695|0
2026|2476|4|10695|0
2026|3018|3|10695|0
2026|2920|6|10695|0
2026|2922|10|10695|0
2026|2597|7|10695|0
2026|2119|14|10695|0
2026|2734|8|10695|0
2026|2449|5|10695|0
2026|2629|2|10695|0
2026|2892|5|10695|0
2026|2184|7|10695|0
2026|2298|1|10695|1
2026|2290|1|10695|1
2026|2873|1|10697|1
2026|2980|1|10697|1
2026|3003|1|10697|1
2026|146|1|10697|1
2026|2447|1|10697|1
2026|2366|7|10697|0
2026|3126|1|10697|1
2026|2321|6|10697|0
2026|66|7|10697|0
2026|3165|7|10697|0
2026|2464|3|10697|0
2026|3135|12|10697|0
2026|2350|10|10697|0
2026|3025|2|10697|0
2026|3014|4|10697|0
2026|592|3|10697|0
2026|2402|10|10697|0
2026|2404|9|10697|0
2026|2825|9|10697|0
2026|2580|4|10697|0
2026|2602|4|10697|0
2026|3011|2|10697|0
2026|2729|6|10697|0
2026|2819|3|10697|0
2026|2830|2|10697|0
2026|2359|11|10697|0
2026|2330|12|10697|0
2026|2410|4|10697|0
2026|2411|4|10697|0
2026|2592|4|10697|0
2026|2493|4|10697|0
2026|2650|3|10697|0
2026|2272|10|10697|0
2026|3102|2|10697|0
2026|2320|10|10697|0
2026|2548|3|10697|0
2026|2408|7|10697|0
2026|2142|1|10698|1
2026|2103|1|10698|1
2026|2110|1|10698|1
2026|2141|1|10698|1
2026|2105|1|10698|1
2026|2106|1|10698|1
2026|2962|16|10698|0
2026|2968|17|10698|0
2026|3251|13|10698|0
2026|3102|12|10698|0
2026|2091|3|10698|0
2026|2158|7|10698|0
2026|3264|13|10698|0
2026|3269|5|10698|0
2026|2626|11|10698|0
2026|2511|11|10698|0
2026|53|7|10698|0
2026|2437|11|10698|0
2026|2459|11|10698|0
2026|3204|10|10698|0
2026|3150|15|10698|0
2026|3149|13|10698|0
2026|91|9|10698|0
2026|36|13|10698|0
2026|2296|18|10698|0
2026|3003|12|10698|0
2026|2478|7|10698|0
2026|325|13|10698|0
2026|226|13|10698|0
2026|980|7|10698|0
2026|488|3|10698|0
2026|2350|14|10698|0
2026|907|13|10698|0
2026|908|8|10698|0
2026|2373|15|10698|0
2026|2405|13|10698|0
2026|1053|2|10698|0
2026|2390|13|10698|0
2026|2291|14|10698|0
2026|964|9|10698|0
2026|2396|11|10698|0
2026|2893|12|10698|0
2026|2859|15|10698|0
2026|782|5|10698|0
2026|212|11|10698|0
2026|713|8|10698|0
2026|972|4|10698|0
2026|592|6|10698|0
2026|883|11|10698|0
2026|2452|14|10698|0
2026|584|2|10698|0
2026|1122|3|10698|0
2026|1019|2|10698|0
2026|1129|3|10698|0
2026|1105|6|10698|0
2026|1042|5|10698|0
2026|3263|3|10698|0
2026|651|7|10698|0
2026|2959|12|10698|0
2026|2303|11|10698|0
2026|2218|6|10698|0
2026|2980|6|10698|0
2026|2819|10|10698|0
2026|2830|8|10698|0
2026|3035|14|10698|0
2026|605|12|10698|0
2026|1107|2|10698|0
2026|2503|17|10698|0
2026|3192|13|10698|0
2026|2837|17|10698|0
2026|2222|6|10698|0
2026|2243|6|10698|0
2026|2251|6|10698|0
2026|2580|13|10698|0
2026|2406|12|10698|0
2026|2602|13|10698|0
2026|2164|6|10698|0
2026|2175|8|10698|0
2026|2188|2|10698|0
2026|2190|5|10698|0
2026|2193|5|10698|0
2026|2220|6|10698|0
2026|2096|8|10698|0
2026|2126|6|10698|0
2026|2049|4|10698|0
2026|2051|6|10698|0
2026|2088|9|10698|0
2026|2152|5|10698|0
2026|2634|16|10698|0
2026|2004|14|10698|0
2026|2006|13|10698|0
2026|2012|4|10698|0
2026|2030|7|10698|0
2026|2067|4|10698|0
2026|2473|12|10698|0
2026|2117|11|10698|0
2026|2272|3|10698|0
2026|2021|3|10698|0
2026|2089|7|10698|0
2026|2408|13|10698|0
2026|2008|8|10698|0
2026|2016|14|10698|0
2026|2052|3|10698|0
2026|2005|11|10698|0
2026|2109|6|10698|0
2026|2548|14|10698|0
2026|112|3|10698|0
2026|128|7|10698|0
2026|193|15|10698|0
2026|2022|2|10698|0
2026|2588|12|10698|0
2026|2007|4|10698|0
2026|2438|13|10698|0
2026|2919|6|10698|0
2026|213|11|10698|0
2026|2461|8|10698|0
2026|2801|12|10698|0
2026|2747|11|10698|0
2026|2001|3|10698|0
2026|2183|4|10698|0
2026|2178|8|10698|0
2026|3231|12|10698|0
2026|2245|2|10698|0
2026|2039|3|10698|0
2026|2099|13|10698|0
2026|3023|13|10698|0
2026|2900|12|10698|0
2026|3065|5|10698|0
2026|2645|12|10698|0
2026|2230|3|10698|0
2026|2107|1|10698|1
2026|2026|7|10698|0
2026|2015|5|10698|0
2026|2224|29|10698|0
2026|2165|10|10698|0
2026|2102|9|10698|0
2026|2157|1|10698|1
2026|2108|1|10698|1
2026|2252|1|10698|1
2026|1142|1|10698|1
2026|557|1|10698|1
2026|2104|1|10698|1
2026|2185|1|10698|1
2026|1088|1|10698|1
2026|1124|1|10698|1
2026|1006|1|10698|1
2026|2111|1|10698|1
2026|306|1|10698|1
2026|532|1|10700|1
2026|2924|1|10700|1
2026|2287|9|10700|0
2026|2178|11|10700|0
2026|2776|10|10700|0
2026|2615|1|10700|1
2026|2744|1|10700|1
2026|2307|10|10700|0
2026|2397|2|10700|0
2026|2952|6|10700|0
2026|2175|10|10700|0
2026|2886|5|10700|0
2026|3163|8|10700|0
2026|3243|5|10700|0
2026|3074|6|10700|0
2026|1077|6|10700|0
2026|3033|9|10700|0
2026|2294|11|10700|0
2026|2328|9|10700|0
2026|2295|8|10700|0
2026|2654|2|10700|0
2026|3172|1|10702|1
2026|2850|9|10702|0
2026|193|19|10702|0
2026|802|2|10702|0
2026|172|2|10702|0
2026|2332|1|10704|1
2026|2457|1|10704|1
2026|2535|1|10704|1
2026|2665|1|10704|1
2026|2532|1|10704|1
2026|3198|9|10704|0
2026|2507|2|10704|0
2026|2151|7|10704|0
2026|2109|9|10704|0
2026|2597|8|10704|0
2026|2381|1|10705|1
2026|26|1|10705|1
2026|24|1|10705|1
2026|2665|4|10705|0
2026|2183|9|10705|0
2026|3113|5|10705|0
2026|3052|8|10705|0
2026|2597|1|10705|1
2026|3085|4|10705|0
2026|2322|2|10705|0
2026|3083|4|10705|0
2026|2437|8|10705|0
2026|2109|12|10705|0
2026|3172|6|10705|0
2026|2940|11|10705|0
2026|2857|6|10705|0
2026|2416|5|10705|0
2026|2384|3|10705|0
2026|3045|3|10705|0
2026|3081|4|10705|0
2026|3096|4|10705|0
2026|3140|3|10705|0
2026|3143|4|10705|0
2026|2146|11|10705|0
2026|2420|3|10705|0
2026|3089|4|10705|0
2026|2861|1|10706|1
2026|2676|7|10706|0
2026|2325|2|10706|0
2026|2608|3|10706|0
2026|2600|10|10706|0
2026|3149|5|10706|0
2026|2849|10|10706|0
2026|513|1|10713|1
2026|3213|1|10713|1
2026|623|1|10713|1
2026|2475|4|10713|0
2026|3195|6|10713|0
2026|3088|3|10713|0
2026|2385|3|10713|0
2026|2679|3|10713|0
2026|2878|1|10713|1
2026|2881|1|10713|1
2026|2918|2|10713|0
2026|3190|2|10713|0
2026|3230|2|10713|0
2026|2498|2|10713|0
2026|502|4|10713|0
2026|489|4|10713|0
2026|2982|3|10713|0
2026|2376|3|10713|0
2026|2403|2|10713|0
2026|2893|3|10713|0
2026|2344|12|10713|0
2026|2914|2|10713|0
2026|2793|5|10713|0
2026|2444|3|10713|0
2026|2458|4|10713|0
2026|2461|4|10713|0
2026|2739|2|10713|0
2026|2744|3|10713|0
2026|532|6|10713|0
2026|2544|3|10713|0
2026|3119|2|10713|0
2026|198|1|10714|1
2026|204|1|10714|1
2026|2339|1|10714|1
2026|2506|1|10714|1
2026|2795|3|10714|0
2026|2900|6|10714|0
2026|2736|6|10714|0
2026|2800|1|10714|1
2026|2979|1|10714|1
2026|200|1|10714|1
2026|679|3|10714|0
2026|623|6|10714|0
2026|2385|5|10714|0
2026|2390|7|10714|0
2026|2511|5|10714|0
2026|3148|11|10714|0
2026|3146|11|10714|0
2026|605|2|10714|0
2026|2459|7|10714|0
2026|3159|5|10714|0
2026|3150|6|10714|0
2026|3149|3|10714|0
2026|3145|5|10714|0
2026|3151|5|10714|0
2026|2392|4|10714|0
2026|3152|5|10714|0
2026|2296|5|10714|0
2026|66|3|10714|0
2026|3236|6|10714|0
2026|2859|2|10714|0
2026|2291|6|10714|0
2026|2902|3|10714|0
2026|883|3|10714|0
2026|2396|8|10714|0
2026|2404|10|10714|0
2026|2450|7|10714|0
2026|3016|5|10714|0
2026|749|3|10714|0
2026|3050|4|10714|0
2026|2415|4|10714|0
2026|2644|5|10714|0
2026|521|3|10714|0
2026|2359|10|10714|0
2026|2403|12|10714|0
2026|2566|4|10714|0
2026|2907|6|10714|0
2026|2599|8|10714|0
2026|2524|5|10714|0
2026|2485|4|10714|0
2026|2364|4|10714|0
2026|3142|3|10714|0
2026|2437|10|10714|0
2026|2548|9|10714|0
2026|15|2|10714|0
2026|2897|5|10714|0
2026|2363|2|10714|0
2026|2503|4|10714|0
2026|3204|5|10714|0
2026|3231|6|10714|0
2026|2659|6|10714|0
2026|2667|4|10714|0
2026|2634|3|10714|0
2026|2917|2|10714|0
2026|2395|1|10716|1
2026|2342|1|10716|1
2026|2387|1|10716|1
2026|2389|1|10716|1
2026|2871|9|10716|0
2026|2403|4|10716|0
2026|2915|9|10716|0
2026|3088|7|10716|0
2026|2352|1|10726|1
2026|502|1|10726|1
2026|2908|1|10726|1
2026|489|1|10726|1
2026|420|1|10726|1
2026|2373|1|10726|1
2026|623|7|10726|0
2026|2828|4|10726|0
2026|2561|4|10726|0
2026|2893|1|10726|1
2026|3114|1|10726|1
2026|2869|1|10726|1
2026|2395|5|10726|0
2026|2318|9|10726|0
2026|2288|8|10726|0
2026|3213|9|10726|0
2026|3237|9|10726|0
2026|3109|10|10726|0
2026|3223|6|10726|0
2026|513|3|10726|0
2026|2982|8|10726|0
2026|2793|2|10726|0
2026|3041|4|10726|0
2026|149|4|10726|0
2026|2479|6|10726|0
2026|2914|6|10726|0
2026|2750|7|10726|0
2026|2415|8|10726|0
2026|2471|11|10726|0
2026|2444|4|10726|0
2026|3091|8|10726|0
2026|284|8|10726|0
2026|2506|8|10726|0
2026|2403|11|10726|0
2026|2520|9|10726|0
2026|3142|8|10726|0
2026|2805|7|10726|0
2026|2721|5|10726|0
2026|2878|4|10726|0
2026|3087|2|10726|0
2026|257|6|10726|0
2026|225|6|10726|0
2026|3064|6|10726|0
2026|3204|8|10726|0
2026|2648|9|10726|0
2026|2667|7|10726|0
2026|2675|7|10726|0
2026|2461|6|10726|0
2026|2918|1|10726|1
2026|3239|1|10726|1
2026|579|1|10726|1
2026|2922|1|10726|1
2026|2475|7|10726|0
2026|3015|4|10726|0
2026|3110|1|10729|1
2026|253|1|10733|1
2026|2948|1|10733|1
2026|2954|8|10733|0
2026|2938|2|10733|0
2026|374|2|10733|0
2026|3223|3|10733|0
2026|2542|4|10733|0
2026|839|5|10733|0
2026|2616|11|10733|0
2026|252|1|10733|1
2026|2911|1|10733|1
2026|488|12|10733|0
2026|3202|6|10733|0
2026|3073|7|10733|0
2026|2926|3|10733|0
2026|2381|3|10733|0
2026|452|4|10733|0
2026|3070|1|10741|1
2026|2510|7|10741|0
2026|2755|1|10741|1
2026|2168|4|10741|0
2026|2904|8|10741|0
2026|2936|8|10741|0
2026|2860|8|10741|0
2026|2866|8|10741|0
2026|2249|8|10741|0
2026|3178|4|10741|0
2026|2609|3|10741|0
2026|2487|3|10741|0
2026|2277|8|10741|0
2026|2921|7|10741|0
2026|2876|8|10741|0
2026|2594|2|10741|0
2026|2711|5|10741|0
2026|3090|3|10741|0
2026|2318|1|10748|1
2026|149|1|10748|1
2026|2561|2|10748|0
2026|3090|6|10748|0
2026|2742|5|10748|0
2026|2686|2|10748|0
2026|2379|4|10748|0
2026|2702|4|10748|0
2026|3198|5|10748|0
2026|2269|12|10748|0
2026|2675|1|10748|1
2026|257|1|10748|1
2026|3210|6|10748|0
2026|2558|8|10748|0
2026|2600|8|10748|0
2026|2681|4|10748|0
2026|2809|4|10748|0
2026|579|3|10748|0
2026|610|5|10748|0
2026|2383|5|10748|0
2026|978|5|10748|0
2026|2520|6|10748|0
2026|2436|3|10748|0
2026|2467|3|10748|0
2026|2414|4|10748|0
2026|2908|5|10748|0
2026|2372|6|10748|0
2026|298|9|10748|0
2026|600|9|10748|0
2026|471|4|10748|0
2026|2562|5|10748|0
2026|2963|9|10748|0
2026|2034|7|10748|0
2026|2424|7|10748|0
2026|2483|2|10748|0
2026|2058|13|10748|0
2026|2862|2|10748|0
2026|3114|5|10748|0
2026|2360|5|10748|0
2026|2490|4|10748|0
2026|2489|4|10748|0
2026|2552|5|10748|0
2026|2467|5|10749|0
2026|298|1|10750|1
2026|2510|1|10750|1
2026|2662|5|10750|0
2026|3116|2|10750|0
2026|3010|6|10750|0
2026|2326|11|10750|0
2026|2600|4|10750|0
2026|2558|7|10750|0
2026|2736|5|10750|0
2026|420|4|10750|0
2026|120|5|10750|0
2026|2323|8|10750|0
2026|2336|9|10750|0
2026|268|2|10750|0
2026|2581|5|10750|0
2026|2732|2|10750|0
2026|2393|4|10750|0
2026|2467|8|10750|0
2026|2375|3|10750|0
2026|3047|7|10750|0
2026|2996|2|10750|0
2026|3038|4|10750|0
2026|3086|3|10750|0
2026|2892|4|10750|0
2026|2640|2|10750|0
2026|3020|6|10750|0
2026|3000|6|10750|0
2026|168|1|10761|1
2026|2617|6|10761|0
2026|2607|5|10761|0
2026|2630|3|10761|0
2026|2052|8|10761|0
2026|2456|4|10761|0
2026|2736|2|10761|0
2026|3012|1|10761|1
2026|3202|4|10761|0
2026|3246|5|10761|0
2026|2520|10|10761|0
2026|2969|6|10761|0
2026|257|7|10761|0
2026|2365|5|10761|0
2026|2434|3|10762|0
2026|2821|1|10765|1
2026|658|1|10765|1
2026|2564|4|10765|0
2026|2434|5|10765|0
2026|2387|4|10765|0
2026|2395|6|10765|0
2026|2407|5|10766|0
2026|2434|6|10766|0
2026|658|6|10766|0
2026|3077|8|10766|0
2026|2507|1|10769|1
2026|2128|6|10769|0
2026|2687|1|10769|1
2026|2577|1|10769|1
2026|2569|1|10769|1
2026|2786|2|10769|0
2026|1112|8|10769|0
2026|2456|8|10769|0
2026|2815|4|10769|0
2026|2981|4|10769|0
2026|2606|2|10769|0
2026|2724|2|10769|0
2026|3131|2|10769|0
2026|2238|10|10769|0
2026|3266|17|10773|0
2026|3169|6|10776|0
2026|3170|4|10776|0
2026|2652|5|10778|0
2026|2972|4|10778|0
2026|2563|1|10779|1
2026|2348|7|10779|0
2026|2702|8|10779|0
2026|2856|4|10779|0
2026|471|9|10779|0
2026|3139|2|10779|0
2026|2865|4|10779|0
2026|391|5|10779|0
2026|2565|10|10779|0
2026|2562|7|10779|0
2026|669|1|10780|1
2026|2772|4|10780|0
2026|2132|9|10780|0
2026|2129|7|10780|0
2026|2234|4|10780|0
2026|2202|7|10780|0
2026|298|8|10780|0
2026|120|9|10780|0
2026|3246|4|10780|0
2026|2875|9|10780|0
2026|3191|3|10780|0
2026|2570|1|10780|1
2026|2699|4|10780|0
2026|3093|3|10780|0
2026|3141|8|10780|0
2026|3170|10|10780|0
2026|214|9|10780|0
2026|984|5|10780|0
2026|574|1|10781|1
2026|2975|1|10781|1
2026|2969|1|10781|1
2026|2429|3|10781|0
2026|2581|2|10781|0
2026|2642|3|10781|0
2026|3246|2|10781|0
2026|2044|12|10781|0
2026|3066|7|10781|0
2026|2971|1|10781|1
2026|779|2|10781|0
2026|794|4|10781|0
2026|391|4|10781|0
2026|3047|4|10781|0
2026|214|3|10781|0
2026|2563|3|10781|0
2026|3093|2|10781|0
2026|2940|7|10781|0
2026|2298|6|10781|0
2026|3020|3|10781|0
2026|3000|3|10781|0
2026|692|2|10781|0
2026|764|3|10781|0
2026|3010|3|10781|0
2026|3141|5|10781|0
2026|2699|2|10781|0
2026|2793|3|10781|0
2026|2029|10|10781|0
2026|2652|4|10782|0
2026|2647|7|10782|0
2026|3093|5|10782|0
2026|2439|2|10782|0
2026|2045|7|10782|0
2026|2972|1|10783|1
2026|2663|6|10783|0
2026|2441|6|10783|0
2026|45|6|10783|0
2026|2620|3|10783|0
2026|2956|6|10783|0
2026|2725|2|10783|0
2026|648|6|10783|0
2026|2045|6|10783|0
2026|2978|1|10785|1
2026|2407|7|10785|0
2026|2476|3|10785|0
2026|2740|3|10785|0
2026|2867|4|10785|0
2026|2919|2|10785|0
2026|3127|1|10785|1
2026|2915|5|10785|0
2026|16|4|10785|0
2026|2336|3|10785|0
2026|2549|4|10785|0
2026|2332|2|10785|0
2026|2569|4|10785|0
2026|3093|10|10785|0
2026|2418|4|10785|0
2026|2838|4|10785|0
2026|2871|5|10785|0
2026|839|1|10797|1
2026|2889|11|10797|0
2026|883|4|10797|0
2026|3077|1|10799|1
2026|3201|1|10799|1
2026|3099|1|10799|1
2026|3108|1|10799|1
2026|3086|1|10799|1
2026|2248|8|10799|0
2026|3257|10|10799|0
2026|839|6|10799|0
2026|2448|5|10799|0
2026|2510|2|10799|0
2026|2541|6|10799|0
2026|298|2|10799|0
2026|2436|4|10799|0
2026|2956|3|10799|0
2026|45|4|10799|0
2026|648|2|10799|0
2026|2911|5|10799|0
2026|2631|3|10799|0
2026|883|7|10799|0
2026|2931|2|10799|0
2026|3104|3|10799|0
2026|3202|2|10799|0
2026|2785|5|10799|0
2026|2454|2|10799|0
2026|2557|2|10799|0
2026|3161|2|10799|0
2026|298|5|10801|0
2026|2690|1|10801|1
2026|2471|1|10813|1
2026|3216|1|10813|1
2026|3223|1|10813|1
2026|2429|10|10813|0
2026|2689|2|10813|0
2026|2610|2|10813|0
2026|3011|4|10813|0
2026|2785|2|10813|0
2026|2736|1|10813|1
2026|2355|2|10813|0
2026|2510|6|10813|0
2026|2620|4|10813|0
2026|2872|10|10813|0
2026|2627|2|10813|0
2026|2918|10|10813|0
2026|3034|2|10813|0
2026|420|5|10813|0
2026|3014|2|10813|0
2026|146|8|10813|0
2026|3003|3|10813|0
2026|3165|10|10813|0
2026|2417|6|10813|0
2026|974|4|10813|0
2026|978|6|10813|0
2026|2873|4|10813|0
2026|2279|9|10813|0
2026|3036|2|10813|0
2026|2868|10|10813|0
2026|2364|7|10813|0
2026|2673|2|10813|0
2026|3142|9|10813|0
2026|2518|7|10813|0
2026|534|3|10813|0
2026|2609|2|10813|0
2026|2613|2|10813|0
2026|2887|10|10813|0
2026|3062|2|10813|0
2026|15|6|10813|0
2026|284|9|10813|0
2026|2831|7|10814|0
2026|2817|6|10820|0
2026|2971|6|10820|0
2026|3099|7|10820|0
2026|3103|9|10820|0
2026|2558|3|10820|0
2026|2967|9|10820|0
2026|3184|1|10820|1
2026|3130|1|10820|1
2026|3056|6|10820|0
2026|2798|9|10820|0
2026|2732|5|10820|0
2026|2972|8|10820|0
2026|3137|6|10820|0
2026|2600|7|10820|0
2026|3009|9|10844|0
2026|2911|4|10844|0
2026|949|11|10844|0
2026|1081|10|10844|0
2026|95|10|10844|0
2026|3210|7|10844|0
2026|2653|1|10844|1
2026|2794|1|10844|1
2026|2483|1|10855|1
2026|2570|6|10855|0
2026|2675|6|10855|0
2026|3114|6|10855|0
2026|2480|1|10855|1
2026|2875|6|10855|0
2026|2541|3|10855|0
2026|2269|11|10855|0
2026|2561|1|10855|1
2026|149|5|10855|0
2026|2318|7|10855|0
2026|2520|8|10855|0
2026|579|4|10855|0
2026|2490|5|10855|0
2026|3170|9|10855|0
2026|3201|6|10855|0
2026|3077|4|10855|0
2026|2340|2|10856|0
2026|2428|4|10856|0
2026|2606|3|10856|0
2026|2867|7|10856|0
2026|2740|8|10856|0
2026|19|3|10856|0
2026|2622|1|10856|1
2026|3246|3|10856|0
2026|2919|3|10856|0
2026|3020|1|10857|1
2026|3000|1|10857|1
2026|3047|1|10857|1
2026|2541|1|10857|1
2026|2606|1|10857|1
2026|3010|1|10857|1
2026|2140|16|10857|0
2026|2197|12|10857|0
2026|2456|3|10857|0
2026|2940|2|10857|0
2026|2622|8|10857|0
2026|2380|6|10857|0
2026|2144|5|10857|0
2026|2793|10|10857|0
2026|2480|3|10857|0
2026|824|10|10857|0
2026|3099|8|10857|0
2026|2454|9|10857|0
2026|2581|4|10857|0
2026|2629|3|10857|0
2026|2894|1|10885|1
2026|206|1|10885|1
2026|2443|1|10885|1
2026|2867|2|10885|0
2026|824|9|10885|0
2026|2565|9|10885|0
2026|3182|6|10885|0
2026|2197|9|10885|0
2026|2428|1|10885|1
2026|19|9|10885|0
2026|988|11|10885|0
2026|2702|2|10885|0
2026|2250|4|10885|0
2026|2856|8|10885|0
2026|3245|5|10885|0
2026|784|2|10885|0
2026|2916|7|10885|0
2026|312|12|10885|0
2026|2341|2|10885|0
2026|120|2|10885|0
2026|2348|2|10885|0
2026|2932|6|10885|0
2026|2621|5|10885|0
2026|2136|5|10885|0
2026|2138|8|10885|0
2026|2838|2|10885|0
2026|790|7|10885|0
2026|3059|1|10887|1
2026|2921|3|10887|0
2026|3173|3|10887|0
2026|2867|5|10887|0
2026|824|4|10887|0
2026|2874|2|10887|0
2026|2936|3|10887|0
2026|2831|2|10887|0
2026|2876|3|10887|0
2026|2860|3|10887|0
2026|2866|3|10887|0
2026|2393|1|10896|1
2026|45|1|10896|1
2026|2131|11|10896|0
2026|3048|1|10896|1
2026|3185|1|10896|1
2026|2442|1|10896|1
2026|2581|6|10896|0
2026|3010|8|10896|0
2026|2600|5|10896|0
2026|3047|9|10896|0
2026|2122|11|10896|0
2026|3182|4|10896|0
2026|2894|5|10896|0
2026|988|9|10896|0
2026|2443|5|10896|0
2026|3000|8|10896|0
2026|312|8|10896|0
2026|648|5|10896|0
2026|120|8|10896|0
2026|2445|4|10896|0
2026|3020|8|10896|0
2026|2732|4|10896|0
2026|2972|7|10896|0
2026|3227|5|10896|0
2026|2258|10|10896|0
2026|2793|7|10896|0
2026|2877|4|10896|0
2026|764|4|10896|0
2026|2932|3|10896|0
2026|3103|6|10896|0
2026|2558|4|10896|0
2026|2731|5|10896|0
2026|2919|1|10900|1
2026|2971|4|10900|0
2026|2963|7|10900|0
2026|3201|11|10900|0
2026|2798|2|10900|0
2026|2663|1|10900|1
2026|2743|3|10903|0
2026|2921|5|10903|0
2026|3173|5|10903|0
2026|2594|1|10903|1
2026|2499|1|10903|1
2026|2875|7|10903|0
2026|2866|5|10903|0
2026|45|2|10903|0
2026|95|4|10903|0
2026|2936|5|10903|0
2026|2860|5|10903|0
2026|2874|4|10903|0
2026|2876|5|10903|0
2026|3090|5|10904|0
2026|2526|3|10904|0
2026|3202|5|10904|0
2026|3185|5|10904|0
2026|2122|8|10904|0
2026|2131|8|10904|0
2026|2421|9|10904|0
2026|2436|2|10904|0
2026|839|3|10904|0
2026|3048|5|10904|0
2026|2848|2|10904|0
2026|358|4|10906|0
2026|2803|1|10910|1
2026|3031|1|10910|1
2026|471|1|10910|1
2026|120|1|10910|1
2026|3179|3|10910|0
2026|2693|1|10910|1
2026|2621|1|10910|1
2026|3105|1|10910|1
2026|2348|8|10910|0
2026|3078|3|10910|0
2026|3182|9|10910|0
2026|214|2|10910|0
2026|2563|2|10910|0
2026|791|3|10910|0
2026|648|4|10910|0
2026|298|4|10910|0
2026|784|4|10910|0
2026|2915|4|10910|0
2026|2977|2|10910|0
2026|2393|2|10910|0
2026|2825|6|10910|0
2026|312|2|10910|0
2026|2418|3|10910|0
2026|2880|5|10910|0
2026|3061|3|10910|0
2026|2871|4|10910|0
2026|2493|8|10910|0
2026|317|10|10910|0
2026|2399|3|10910|0
2026|2614|3|10910|0
2026|3169|2|10910|0
2026|2411|8|10910|0
2026|2592|8|10910|0
2026|2946|2|10910|0
2026|2258|11|10910|0
2026|3072|3|10910|0
2026|3080|3|10910|0
2026|2480|5|10910|0
2026|2236|2|10910|0
2026|3224|3|10910|0
2026|2932|2|10910|0
2026|2641|4|10910|0
2026|2963|5|10910|0
2026|2574|4|10910|0
2026|2565|2|10910|0
2026|3141|3|10910|0
2026|2834|3|10910|0
2026|3208|3|10910|0
2026|2845|4|10910|0
2026|2702|1|10910|1
2026|2571|4|10910|0
2026|3227|1|10910|1
2026|3244|1|10910|1
2026|3245|1|10910|1
2026|2856|1|10910|1
2026|605|1|10913|1
2026|2350|1|10913|1
2026|2402|1|10913|1
2026|2405|1|10913|1
2026|2359|1|10913|1
2026|2404|1|10913|1
2026|2548|1|10913|1
2026|2855|6|10913|0
2026|2650|1|10913|1
2026|2795|1|10913|1
2026|2546|1|10913|1
2026|2528|1|10913|1
2026|2406|1|10913|1
2026|3190|3|10913|0
2026|3225|3|10913|0
2026|3150|9|10913|0
2026|3149|6|10913|0
2026|3145|6|10913|0
2026|2970|8|10913|0
2026|2501|7|10913|0
2026|889|8|10913|0
2026|2361|6|10913|0
2026|702|4|10913|0
2026|684|4|10913|0
2026|252|4|10913|0
2026|2943|2|10913|0
2026|2873|5|10913|0
2026|3126|3|10913|0
2026|2634|14|10913|0
2026|2416|6|10913|0
2026|2773|4|10913|0
2026|2524|10|10913|0
2026|2392|9|10913|0
2026|3040|3|10913|0
2026|3024|3|10913|0
2026|2566|9|10913|0
2026|3248|3|10913|0
2026|2476|6|10913|0
2026|2655|9|10913|0
2026|346|5|10913|0
2026|2787|5|10913|0
2026|2525|6|10913|0
2026|2503|7|10913|0
2026|406|1|10913|1
2026|3165|1|10913|1
2026|3003|6|10913|0
2026|2438|4|10913|0
2026|2632|4|10913|0
2026|2739|4|10913|0
2026|2320|1|10913|1
2026|2285|1|10913|1
2026|2321|1|10913|1
2026|2327|1|10913|1
2026|2313|1|10913|1
2026|3102|1|10913|1
2026|2868|1|10980|1
2026|3023|6|10980|0
2026|2773|8|10980|0
2026|2366|3|10980|0
2026|2776|4|10980|0
2026|2954|6|10980|0
2026|2059|6|10980|0
2026|2011|6|10980|0
2026|3102|3|10980|0
2026|2676|1|10980|1
2026|2872|1|10980|1
2026|3118|1|10980|1
2026|2052|6|10980|0
2026|53|6|10980|0
2026|598|4|10980|0
2026|2325|3|10980|0
2026|2820|3|10980|0
2026|2684|7|10980|0
2026|3149|10|10980|0
2026|3148|10|10980|0
2026|3147|10|10980|0
2026|3146|10|10980|0
2026|2855|10|10980|0
2026|2004|20|10980|0
2026|3111|3|10980|0
2026|2854|9|10980|0
2026|2861|13|10980|0
2026|2313|6|10980|0
2026|2902|7|10980|0
2026|3035|9|10980|0
2026|2026|17|10980|0
2026|3006|4|10980|0
2026|2907|3|10980|0
2026|592|4|10980|0
2026|2710|6|10980|0
2026|2852|2|10980|0
2026|2525|7|10980|0
2026|2315|10|10980|0
2026|2376|7|10980|0
2026|2385|8|10980|0
2026|2707|3|10980|0
2026|3030|4|10980|0
2026|3005|9|10980|0
2026|2667|8|10980|0
2026|2717|7|10980|0
2026|2320|6|10980|0
2026|2474|5|10980|0
2026|2506|4|10980|0
2026|2750|8|10998|0
2026|2741|1|11041|1
2026|2743|1|11041|1
2026|2738|1|11041|1
2026|2653|3|11041|0
2026|2746|1|11041|1
2026|2309|2|11041|0
2026|95|5|11041|0
2026|2319|2|11041|0
2026|3210|5|11041|0
2026|2386|3|11041|0
2026|2311|2|11041|0
2026|2300|2|11041|0
2026|2294|14|11041|0
2026|2328|13|11041|0
2026|2499|5|11041|0
2026|2317|12|11041|0
2026|2641|3|11041|0
2026|2794|2|11041|0
2026|2287|15|11041|0
2026|3056|1|11100|1
2026|3161|1|11100|1
2026|2663|9|11100|0
2026|2756|2|11100|0
2026|2510|8|11100|0
2026|2565|6|11100|0
2026|120|3|11100|0
2026|3048|8|11100|0
2026|3116|1|11100|1
2026|3136|1|11100|1
2026|3137|1|11100|1
2026|3138|1|11100|1
2026|3010|2|11100|0
2026|2456|7|11100|0
2026|3020|2|11100|0
2026|3000|2|11100|0
2026|2972|2|11100|0
2026|3047|3|11100|0
2026|2470|1|11118|1
2026|2589|4|11118|0
2026|2672|4|11118|0
2026|2591|4|11118|0
2026|2670|4|11119|0
2026|2596|1|11119|1
2026|2793|1|11134|1
2026|3010|4|11134|0
2026|2072|12|11134|0
2026|3020|4|11134|0
2026|3000|4|11134|0
2026|3047|5|11134|0
2026|2750|1|11134|1
2026|2791|1|11134|1
2026|2485|11|11135|0
2026|2057|13|11135|0
2026|2023|8|11135|0
2026|2600|3|11135|0
2026|3138|3|11135|0
2026|2997|4|11135|0
2026|2148|17|11135|0
2026|3184|3|11135|0
2026|2604|11|11135|0
2026|2442|3|11135|0
2026|3054|8|11135|0
2026|2344|4|11135|0
2026|120|11|11135|0
2026|2469|5|11135|0
2026|3136|5|11135|0
2026|3137|5|11135|0
2026|2598|4|11135|0
2026|2391|9|11135|0
2026|2305|3|11135|0
2026|2398|9|11135|0
2026|3056|5|11135|0
2026|2790|7|11135|0
2026|2497|6|11135|0
2026|2279|10|11135|0
2026|2055|15|11135|0
2026|2015|17|11135|0
2026|45|7|11135|0
2026|2581|3|11135|0
2026|2749|9|11135|0
2026|3144|2|11135|0
2026|2007|11|11135|0
2026|2304|4|11135|0
2026|2690|2|11166|0
2026|2755|7|11166|0
2026|2954|10|11166|0
2026|2676|5|11166|0
2026|3216|4|11166|0
2026|2386|4|11166|0
2026|2421|2|11166|0
2026|2456|2|11166|0
2026|2956|10|11166|0
2026|2467|1|11167|1
2026|3087|3|11167|0
2026|2565|7|11167|0
2026|3077|10|11167|0
2026|2510|3|11167|0
2026|3031|8|11167|0
2026|3126|5|11167|0
2026|3028|7|11167|0
2026|2326|10|11167|0
2026|298|7|11167|0
2026|3169|7|11167|0
2026|3170|6|11167|0
2026|2326|9|11170|0
2026|2336|8|11170|0
2026|3136|3|11170|0
2026|3137|3|11170|0
2026|3138|2|11170|0
2026|2662|1|11170|1
2026|2500|3|11171|0
2026|2686|4|11171|0
2026|2675|5|11171|0
2026|3168|2|11171|0
2026|2851|2|11171|0
2026|257|4|11171|0
2026|2561|7|11171|0
2026|2722|1|11171|1
2026|2701|1|11171|1
2026|2323|6|11171|0
2026|2336|6|11171|0
2026|2520|7|11171|0
2026|2467|4|11171|0
2026|2862|3|11171|0
2026|2904|5|11171|0
2026|2562|6|11171|0
2026|2908|6|11171|0
2026|2318|11|11171|0
2026|2847|2|11171|0
2026|579|12|11171|0
2026|2326|6|11171|0
2026|2999|1|11177|1
2026|3037|1|11177|1
2026|2810|1|11177|1
2026|2992|1|11177|1
2026|2987|1|11177|1
2026|3200|1|11177|1
2026|2725|5|11177|0
2026|883|5|11177|0
2026|2916|8|11177|0
2026|2148|13|11177|0
2026|2759|1|11177|1
2026|3124|1|11177|1
2026|3206|1|11177|1
2026|2812|1|11177|1
2026|2324|5|11177|0
2026|2612|2|11177|0
2026|2015|19|11177|0
2026|2010|3|11177|0
2026|2434|1|11181|1
2026|2663|4|11181|0
2026|3009|1|11181|1
2026|2564|1|11181|1
2026|2565|1|11181|1
2026|2996|5|11181|0
2026|3077|7|11181|0
2026|3201|10|11181|0
2026|2467|7|11181|0
2026|3136|4|11181|0
2026|3137|4|11181|0
2026|3056|4|11181|0
2026|2798|6|11181|0
2026|3138|6|11181|0
2026|3031|5|11181|0
2026|2817|4|11181|0
2026|2412|1|11182|1
2026|2674|1|11182|1
2026|2663|7|11182|0
2026|2292|3|11182|0
2026|3178|3|11182|0
2026|2925|1|11182|1
2026|2994|1|11182|1
2026|2652|11|11182|0
2026|3078|6|11182|0
2026|2625|1|11182|1
2026|2641|1|11182|1
2026|3019|1|11182|1
2026|2565|3|11182|0
2026|2557|3|11182|0
2026|2424|9|11182|0
2026|3072|6|11182|0
2026|3080|6|11182|0
2026|3031|9|11182|0
2026|2617|5|11184|0
2026|2527|1|11184|1
2026|2942|2|11184|0
2026|3080|7|11184|0
2026|3094|2|11190|0
2026|2999|2|11190|0
2026|2647|2|11190|0
2026|3139|4|11190|0
2026|3028|5|11191|0
2026|2647|5|11191|0
2026|2699|6|11191|0
2026|3093|4|11191|0
2026|2348|4|11191|0
2026|2642|10|11191|0
2026|2500|9|11192|0
2026|2699|10|11192|0
2026|3139|1|11192|1
2026|3141|1|11192|1
2026|387|2|11192|0
2026|532|10|11192|0
2026|2971|8|11192|0
2026|2980|3|11192|0
2026|3201|9|11192|0
2026|3077|6|11192|0
2026|3126|8|11192|0
2026|3093|1|11193|1
2026|2971|7|11193|0
2026|2647|1|11193|1
2026|2699|1|11193|1
2026|2129|9|11193|0
2026|2784|3|11194|0
2026|2129|10|11194|0
2026|3066|8|11194|0
2026|2699|8|11194|0
2026|3093|6|11194|0
2026|3141|2|11194|0
2026|3199|3|11194|0
2026|2399|1|11204|1
2026|2424|1|11206|1
2026|2429|1|11206|1
2026|2944|3|11206|0
2026|2947|3|11206|0
2026|2443|8|11212|0
2026|2894|7|11212|0
2026|2904|6|11212|0
2026|2421|3|11212|0
2026|2347|6|11212|0
2026|2386|7|11212|0
2026|2488|6|11212|0
2026|2505|1|11217|1
2026|2732|1|11217|1
2026|2399|5|11218|0
2026|3038|1|11219|1
2026|2533|4|11219|0
2026|2958|1|11219|1
2026|2344|3|11219|0
2026|2469|3|11219|0
2026|2630|1|11219|1
2026|2865|1|11220|1
2026|2663|5|11220|0
2026|2322|8|11220|0
2026|2725|8|11220|0
2026|2977|4|11220|0
2026|3066|5|11220|0
2026|2630|2|11221|0
2026|2921|4|11221|0
2026|3173|4|11221|0
2026|2874|3|11221|0
2026|2876|4|11221|0
2026|3009|8|11221|0
2026|2860|4|11221|0
2026|2866|4|11221|0
2026|2936|4|11221|0
2026|3077|3|11221|0
2026|3170|7|11221|0
2026|3169|8|11221|0
2026|2609|5|11221|0
2026|3201|3|11221|0
2026|3126|6|11221|0
2026|2980|4|11221|0
2026|2421|1|11230|1
2026|3202|1|11230|1
2026|2456|1|11230|1
2026|2791|2|11230|0
2026|2803|4|11230|0
2026|3056|3|11230|0
2026|3136|2|11230|0
2026|3137|2|11230|0
2026|2653|2|11230|0
2026|2740|1|11230|1
2026|2418|1|11230|1
2026|3138|5|11230|0
2026|2725|4|11230|0
2026|2598|3|11230|0
2026|2386|2|11230|0
2026|312|5|11230|0
2026|2347|4|11230|0
2026|312|6|11232|0
2026|2826|1|11232|1
2026|2083|4|11235|0
2026|3105|10|11235|0
2026|3208|8|11235|0
2026|3182|2|11235|0
2026|3179|10|11235|0
2026|3017|1|11235|1
2026|3028|1|11235|1
2026|2932|8|11235|0
2026|2856|10|11235|0
2026|3244|10|11235|0
2026|3245|10|11235|0
2026|2467|2|11235|0
2026|2894|9|11235|0
2026|3202|9|11235|0
2026|2418|7|11235|0
2026|2880|4|11235|0
2026|949|9|11235|0
2026|2803|9|11235|0
2026|2621|9|11235|0
2026|2500|10|11252|0
2026|3182|1|11252|1
2026|2877|1|11252|1
2026|2856|9|11252|0
2026|3244|8|11252|0
2026|3138|4|11252|0
2026|2541|10|11252|0
2026|3136|7|11252|0
2026|3137|7|11252|0
2026|3028|8|11252|0
2026|410|4|11252|0
2026|2963|10|11252|0
2026|3039|1|11267|1
2026|2863|1|11267|1
2026|2448|1|11267|1
2026|3108|4|11267|0
2026|2497|1|11267|1
2026|2451|1|11267|1
2026|2453|1|11267|1
2026|364|1|11267|1
2026|2709|1|11267|1
2026|2515|1|11267|1
2026|2510|5|11267|0
2026|2692|3|11267|0
2026|2541|8|11267|0
2026|3047|8|11267|0
2026|2736|4|11267|0
2026|485|2|11267|0
2026|2322|4|11267|0
2026|2436|5|11267|0
2026|1019|8|11267|0
2026|2454|3|11267|0
2026|2488|9|11267|0
2026|2137|3|11268|0
2026|2877|5|11268|0
2026|2607|4|11268|0
2026|2044|9|11268|0
2026|2798|4|11268|0
2026|2600|6|11268|0
2026|2642|1|11268|1
2026|2956|1|11286|1
2026|2976|1|11286|1
2026|648|1|11286|1
2026|2622|7|11286|0
2026|3012|8|11286|0
2026|2630|5|11286|0
2026|2600|1|11286|1
2026|2558|1|11286|1
2026|2916|1|11286|1
2026|3199|5|11286|0
2026|2681|1|11286|1
2026|2607|1|11286|1
2026|2608|1|11286|1
2026|2612|1|11286|1
2026|3156|1|11286|1
2026|2970|6|11286|0
2026|2972|9|11286|0
2026|2675|8|11286|0
2026|2831|5|11286|0
2026|2474|7|11286|0
2026|2456|5|11286|0
2026|2565|8|11286|0
2026|2958|4|11286|0
2026|2909|2|11286|0
2026|2963|2|11286|0
2026|2642|11|11286|0
2026|2732|6|11286|0
2026|3103|2|11286|0
2026|2954|3|11286|0
2026|3211|9|11286|0
2026|3090|2|11286|0
2026|2984|2|11286|0
2026|2667|10|11286|0
2026|2395|2|11288|0
2026|3090|8|11291|0
2026|2119|11|11291|0
2026|2882|7|11291|0
2026|2938|3|11291|0
2026|2750|9|11291|0
2026|2434|4|11291|0
2026|2595|1|11291|1
2026|2598|1|11291|1
2026|3105|2|11293|0
2026|2503|3|11293|0
2026|2803|2|11293|0
2026|3227|2|11293|0
2026|3031|3|11293|0
2026|2857|3|11293|0
2026|3216|2|11293|0
2026|2890|4|11293|0
2026|2911|3|11293|0
2026|2416|3|11293|0
2026|2291|5|11293|0
2026|450|5|11293|0
2026|3220|2|11293|0
2026|2653|4|11293|0
2026|2038|20|11310|0
2026|1077|5|11310|0
2026|2522|11|11310|0
2026|2931|9|11310|0
2026|2871|8|11313|0
2026|2915|7|11313|0
2026|2990|7|11313|0
2026|2407|2|11314|0
2026|2256|7|11314|0
2026|2474|1|11320|1
2026|3107|1|11320|1
2026|2788|1|11320|1
2026|2612|6|11320|0
2026|2607|8|11320|0
2026|3091|3|11320|0
2026|2854|1|11320|1
2026|2717|1|11320|1
2026|2920|1|11320|1
2026|2477|1|11320|1
2026|2485|1|11320|1
2026|2525|1|11320|1
2026|2884|1|11320|1
2026|2285|6|11320|0
2026|2680|5|11320|0
2026|2655|1|11320|1
2026|2659|1|11320|1
2026|2661|1|11320|1
2026|2667|1|11320|1
2026|2524|3|11320|0
2026|2364|2|11320|0
2026|3142|2|11320|0
2026|2415|18|11320|0
2026|2998|2|11320|0
2026|2916|4|11320|0
2026|2655|3|11326|0
2026|2922|3|11326|0
2026|2869|6|11326|0
2026|3005|13|11326|0
2026|598|10|11326|0
2026|3213|3|11326|0
2026|489|12|11326|0
2026|2352|14|11326|0
2026|2546|13|11326|0
2026|2285|12|11326|0
2026|2793|8|11326|0
2026|2523|5|11328|0
2026|2655|6|11328|0
2026|2285|2|11328|0
2026|3102|7|11332|0
2026|2753|6|11332|0
2026|3016|6|11332|0
2026|2897|6|11332|0
2026|2396|1|11336|1
2026|2337|1|11336|1
2026|2459|1|11336|1
2026|2465|1|11336|1
2026|2466|1|11336|1
2026|3159|1|11336|1
2026|3263|8|11336|0
2026|2171|3|11336|0
2026|2416|4|11336|0
2026|2468|8|11336|0
2026|2286|2|11336|0
2026|3204|3|11336|0
2026|3151|7|11336|0
2026|2762|2|11336|0
2026|2001|6|11336|0
2026|2214|11|11336|0
2026|3063|2|11336|0
2026|2979|2|11336|0
2026|2857|5|11336|0
2026|2390|1|11336|1
2026|2366|6|11336|0
2026|2066|6|11336|0
2026|3060|7|11336|0
2026|2473|3|11336|0
2026|2768|3|11336|0
2026|2811|1|11345|1
2026|2784|1|11345|1
2026|2130|8|11345|0
2026|2132|5|11345|0
2026|2129|5|11345|0
2026|1003|6|11345|0
2026|2818|1|11345|1
2026|2783|1|11345|1
2026|2036|7|11345|0
2026|2156|11|11345|0
2026|2037|9|11345|0
2026|2801|11|11345|0
2026|2061|8|11345|0
2026|2043|7|11345|0
2026|3029|5|11345|0
2026|3240|3|11345|0
2026|3153|8|11345|0
2026|2032|7|11345|0
2026|2849|5|11345|0
2026|2035|8|11345|0
2026|2967|6|11345|0
2026|2015|18|11345|0
2026|2214|10|11345|0
2026|2171|5|11345|0
2026|2931|7|11345|0
2026|2950|11|11345|0
2026|2784|10|11346|0
2026|2156|10|11346|0
2026|2031|11|11346|0
2026|3181|1|11348|1
2026|3153|5|11348|0
2026|2353|1|11349|1
2026|2943|1|11349|1
2026|2859|7|11349|0
2026|3003|10|11349|0
2026|2897|9|11349|0
2026|2355|3|11349|0
2026|2344|9|11349|0
2026|538|8|11349|0
2026|2588|11|11349|0
2026|2059|5|11349|0
2026|2011|5|11349|0
2026|2409|5|11350|0
2026|2621|11|11350|0
2026|2803|10|11350|0
2026|3033|6|11350|0
2026|3222|7|11350|0
2026|2411|6|11350|0
2026|2592|6|11350|0
2026|2493|6|11350|0
2026|2580|6|11350|0
2026|2602|6|11350|0
2026|3243|4|11350|0
2026|2410|6|11350|0
2026|2408|4|11350|0
2026|2251|10|11350|0
2026|2858|1|11354|1
2026|2021|9|11354|0
2026|3174|3|11354|0
2026|2022|7|11354|0
2026|2940|6|11354|0
2026|2419|5|11354|0
2026|2801|1|11354|1
2026|2539|1|11354|1
2026|2599|10|11354|0
2026|3035|2|11354|0
2026|2962|2|11354|0
2026|2889|5|11354|0
2026|2464|8|11354|0
2026|2720|10|11354|0
2026|2306|1|11355|1
2026|2361|1|11355|1
2026|2367|1|11355|1
2026|2286|1|11355|1
2026|2753|5|11355|0
2026|3159|3|11355|0
2026|3150|4|11355|0
2026|3145|3|11355|0
2026|2539|7|11355|0
2026|2501|5|11355|0
2026|889|6|11355|0
2026|2373|11|11355|0
2026|2337|4|11355|0
2026|691|3|11355|0
2026|2548|7|11355|0
2026|2388|7|11355|0
2026|2900|5|11355|0
2026|2644|4|11355|0
2026|3033|1|11360|1
2026|2754|8|11360|0
2026|3230|7|11360|0
2026|2739|6|11360|0
2026|3248|5|11360|0
2026|2818|4|11360|0
2026|2615|8|11360|0
2026|2836|5|11360|0
2026|2952|5|11360|0
2026|2679|7|11360|0
2026|3192|10|11360|0
2026|2858|10|11360|0
2026|2924|11|11360|0
2026|2904|7|11360|0
2026|2811|7|11360|0
2026|2779|4|11360|0
2026|2327|6|11360|0
2026|2277|5|11360|0
2026|739|5|11360|0
2026|3163|7|11360|0
2026|3225|5|11360|0
2026|3229|5|11360|0
2026|2214|8|11360|0
2026|2546|7|11360|0
2026|2819|5|11360|0
2026|3024|4|11360|0
2026|2705|12|11360|0
2026|2321|4|11360|0
2026|2970|1|11363|1
2026|2882|1|11363|1
2026|2680|2|11363|0
2026|3102|5|11363|0
2026|2439|7|11363|0
2026|2706|6|11363|0
2026|2390|6|11363|0
2026|2784|5|11363|0
2026|3172|4|11363|0
2026|2855|4|11363|0
2026|2032|6|11363|0
2026|2800|5|11363|0
2026|2753|2|11363|0
2026|2612|4|11363|0
2026|2600|9|11363|0
2026|2997|3|11363|0
2026|3145|4|11363|0
2026|3152|4|11363|0
2026|2459|6|11363|0
2026|2339|2|11363|0
2026|2313|2|11363|0
2026|2405|9|11363|0
2026|2916|9|11363|0
2026|2573|2|11363|0
2026|3221|9|11363|0
2026|2634|6|11363|0
2026|2599|5|11363|0
2026|2406|10|11363|0
2026|3050|2|11363|0
2026|3216|5|11363|0
2026|2359|12|11363|0
2026|2595|2|11363|0
2026|3040|4|11363|0
2026|2707|2|11363|0
2026|2566|7|11363|0
2026|2641|2|11363|0
2026|2773|7|11363|0
2026|2897|4|11363|0
2026|2795|2|11363|0
2026|2354|3|11363|0
2026|2366|2|11363|0
2026|2754|10|11364|0
2026|3110|5|11364|0
2026|2354|5|11364|0
2026|3129|2|11364|0
2026|2645|10|11364|0
2026|2882|8|11364|0
2026|2504|9|11364|0
2026|2962|8|11364|0
2026|3153|10|11364|0
2026|2706|7|11364|0
2026|3005|15|11364|0
2026|2931|10|11364|0
2026|3035|6|11364|0
2026|2644|9|11364|0
2026|2710|2|11364|0
2026|3089|7|11364|0
2026|2729|3|11364|0
2026|2912|5|11369|0
2026|2416|1|11371|1
2026|2857|1|11371|1
2026|2539|5|11371|0
2026|2239|8|11371|0
2026|2962|15|11371|0
2026|2396|9|11371|0
2026|2858|3|11371|0
2026|2889|9|11371|0
2026|2466|8|11371|0
2026|2567|5|11371|0
2026|2650|6|11371|0
2026|2438|7|11371|0
2026|3159|7|11371|0
2026|2787|6|11371|0
2026|2528|4|11371|0
2026|2840|1|11378|1
2026|2769|1|11378|1
2026|2773|1|11378|1
2026|2820|1|11378|1
2026|2776|3|11378|0
2026|2320|3|11378|0
2026|2763|1|11378|1
2026|2767|1|11378|1
2026|2713|1|11378|1
2026|2715|1|11378|1
2026|2313|3|11378|0
2026|2539|3|11378|0
2026|2708|5|11378|0
2026|2800|3|11378|0
2026|2849|2|11378|0
2026|2761|1|11378|1
2026|3097|5|11378|0
2026|3118|7|11378|0
2026|3006|2|11378|0
2026|2861|11|11378|0
2026|2352|11|11378|0
2026|2391|6|11378|0
2026|2355|6|11382|0
2026|2644|10|11382|0
2026|2760|13|11382|0
2026|3211|7|11392|0
2026|2314|3|11392|0
2026|2985|10|11392|0
2026|2072|10|11392|0
2026|2291|11|11392|0
2026|3267|9|11392|0
2026|2720|9|11392|0
2026|3177|6|11392|0
2026|3195|1|11393|1
2026|2578|1|11393|1
2026|2290|7|11393|0
2026|2344|5|11393|0
2026|2461|2|11393|0
2026|3267|10|11393|0
2026|3211|6|11394|0
2026|2781|3|11394|0
2026|2779|2|11394|0
2026|2836|2|11394|0
2026|3064|8|11394|0
2026|2315|6|11394|0
2026|3033|4|11394|0
2026|3163|4|11394|0
2026|3225|2|11394|0
2026|3229|2|11394|0
2026|3230|6|11394|0
2026|3248|2|11394|0
2026|2781|2|11395|0
2026|3147|12|11395|0
2026|3148|12|11395|0
2026|2376|2|11395|0
2026|3146|12|11395|0
2026|2385|2|11395|0
2026|3172|8|11395|0
2026|3005|10|11395|0
2026|2462|1|11396|1
2026|2509|1|11396|1
2026|2820|4|11396|0
2026|2776|2|11396|0
2026|3051|1|11396|1
2026|2924|9|11396|0
2026|3111|2|11396|0
2026|3092|2|11396|0
2026|3074|2|11396|0
2026|2781|4|11396|0
2026|3118|8|11396|0
2026|3030|2|11396|0
2026|2502|3|11396|0
2026|2521|2|11396|0
2026|2178|12|11399|0
2026|2879|6|11399|0
2026|2175|9|11399|0
2026|2315|9|11399|0
2026|3092|5|11399|0
2026|3074|3|11399|0
2026|3111|4|11399|0
2026|2822|2|11399|0
2026|2900|3|11399|0
2026|3006|7|11399|0
2026|2419|11|11399|0
2026|3040|7|11399|0
2026|2502|6|11399|0
2026|2776|5|11399|0
2026|3231|4|11399|0
2026|2462|5|11399|0
2026|3192|1|11401|1
2026|2567|3|11401|0
2026|2754|2|11401|0
2026|2900|8|11401|0
2026|2776|9|11401|0
2026|2747|10|11401|0
2026|3149|2|11401|0
2026|2706|5|11401|0
2026|2952|3|11401|0
2026|889|5|11401|0
2026|2404|6|11401|0
2026|2350|5|11401|0
2026|2773|6|11401|0
2026|2549|5|11401|0
2026|3163|3|11401|0
2026|2833|3|11401|0
2026|2729|9|11401|0
2026|2504|4|11401|0
2026|2402|6|11401|0
2026|2405|6|11401|0
2026|532|3|11401|0
2026|2822|3|11401|0
2026|2306|7|11401|0
2026|2406|6|11401|0
2026|2644|6|11401|0
2026|2710|5|11401|0
2026|2819|6|11401|0
2026|2632|3|11401|0
2026|2787|3|11401|0
2026|2796|2|11401|0
2026|2528|14|11401|0
2026|3040|9|11401|0
2026|2707|9|11401|0
2026|225|4|11402|0
2026|3033|10|11407|0
2026|449|9|11407|0
2026|2861|4|11407|0
2026|2849|7|11407|0
2026|2951|1|11413|1
2026|2429|8|11413|0
2026|3231|2|11413|0
2026|2882|5|11413|0
2026|2985|5|11413|0
2026|802|4|11413|0
2026|2751|1|11413|1
2026|3175|1|11413|1
2026|2947|1|11413|1
2026|2694|1|11413|1
2026|2697|1|11413|1
2026|2398|1|11413|1
2026|2883|1|11413|1
2026|2966|1|11413|1
2026|2944|1|11413|1
2026|2539|4|11413|0
2026|2801|7|11413|0
2026|2926|1|11419|1
2026|2886|1|11419|1
2026|2670|2|11419|0
2026|2867|3|11419|0
2026|2838|3|11419|0
2026|2911|2|11419|0
2026|2928|1|11419|1
2026|2938|1|11419|1
2026|2598|2|11419|0
2026|313|2|11419|0
2026|2808|4|11419|0
2026|2973|2|11419|0
2026|2007|12|11419|0
2026|2890|7|11419|0
2026|521|1|11420|1
2026|2982|1|11420|1
2026|3016|1|11420|1
2026|3236|1|11420|1
2026|2524|1|11420|1
2026|3237|1|11420|1
2026|2544|1|11420|1
2026|3134|1|11420|1
2026|3135|1|11420|1
2026|3142|1|11420|1
2026|2330|7|11420|0
2026|2357|4|11420|0
2026|2634|1|11420|1
2026|2733|1|11420|1
2026|3091|1|11420|1
2026|2897|1|11420|1
2026|2588|5|11420|0
2026|2394|3|11420|0
2026|2828|5|11420|0
2026|2684|6|11420|0
2026|2952|7|11420|0
2026|2869|7|11420|0
2026|3150|11|11420|0
2026|3149|8|11420|0
2026|3230|3|11420|0
2026|2855|8|11420|0
2026|2086|7|11420|0
2026|2431|3|11420|0
2026|3165|8|11420|0
2026|3190|4|11420|0
2026|3192|7|11420|0
2026|3122|2|11420|0
2026|2997|9|11420|0
2026|3152|7|11420|0
2026|2886|6|11420|0
2026|58|5|11420|0
2026|691|4|11420|0
2026|2468|10|11420|0
2026|2960|5|11420|0
2026|3163|9|11420|0
2026|2352|8|11420|0
2026|489|9|11420|0
2026|2313|10|11420|0
2026|3041|5|11420|0
2026|2350|6|11420|0
2026|2895|7|11420|0
2026|2378|2|11420|0
2026|2970|2|11420|0
2026|2402|7|11420|0
2026|2404|7|11420|0
2026|198|7|11420|0
2026|200|7|11420|0
2026|3147|13|11420|0
2026|3146|13|11420|0
2026|2475|8|11420|0
2026|2405|7|11420|0
2026|295|2|11420|0
2026|2359|7|11420|0
2026|2729|7|11420|0
2026|2819|4|11420|0
2026|2830|3|11420|0
2026|3025|3|11420|0
2026|11|8|11420|0
2026|2838|10|11420|0
2026|2793|9|11420|0
2026|2406|7|11420|0
2026|3035|7|11420|0
2026|2440|10|11420|0
2026|2392|10|11420|0
2026|2497|7|11420|0
2026|2479|8|11420|0
2026|2020|5|11420|0
2026|2796|8|11420|0
2026|2021|8|11420|0
2026|2882|10|11420|0
2026|3102|9|11420|0
2026|3062|6|11420|0
2026|15|7|11420|0
2026|205|6|11420|0
2026|2787|8|11420|0
2026|2506|10|11420|0
2026|2363|5|11420|0
2026|2859|13|11420|0
2026|2768|7|11420|0
2026|3015|2|11420|0
2026|2705|5|11420|0
2026|3109|6|11420|0
2026|2867|9|11420|0
2026|2760|1|11420|1
2026|2712|1|11420|1
2026|2567|7|11420|0
2026|2766|8|11420|0
2026|2820|9|11420|0
2026|2650|9|11420|0
2026|3163|1|11421|1
2026|2952|1|11421|1
2026|2754|7|11421|0
2026|2929|3|11421|0
2026|3230|5|11421|0
2026|2787|1|11421|1
2026|2864|1|11421|1
2026|2836|4|11421|0
2026|3064|7|11421|0
2026|2567|1|11421|1
2026|2632|1|11421|1
2026|3229|4|11421|0
2026|2858|8|11421|0
2026|2760|8|11421|0
2026|2779|3|11421|0
2026|2889|7|11421|0
2026|2886|4|11421|0
2026|3192|6|11421|0
2026|3225|4|11421|0
2026|2504|6|11421|0
2026|532|4|11421|0
2026|2926|5|11421|0
2026|2373|7|11421|0
2026|2361|3|11421|0
2026|3248|4|11421|0
2026|2900|4|11421|0
2026|2546|12|11421|0
2026|2644|8|11421|0
2026|2729|5|11421|0
2026|2462|6|11421|0
2026|2739|5|11421|0
2026|2544|5|11421|0
2026|2744|10|11421|0
2026|2388|5|11421|0
2026|2479|1|11424|1
2026|2712|6|11424|0
2026|2567|2|11424|0
2026|2444|1|11424|1
2026|2330|4|11424|0
2026|3088|1|11424|1
2026|2475|1|11424|1
2026|623|5|11424|0
2026|2679|9|11424|0
2026|2869|10|11424|0
2026|2604|10|11424|0
2026|2307|9|11424|0
2026|2295|12|11424|0
2026|502|5|11424|0
2026|3134|6|11424|0
2026|3135|6|11424|0
2026|3192|9|11424|0
2026|3237|6|11424|0
2026|2824|6|11424|0
2026|2523|2|11424|0
2026|2918|3|11424|0
2026|538|9|11424|0
2026|2518|2|11424|0
2026|3213|4|11424|0
2026|2352|12|11424|0
2026|295|3|11424|0
2026|449|10|11424|0
2026|2296|3|11424|0
2026|2982|4|11424|0
2026|2373|3|11424|0
2026|3236|5|11424|0
2026|489|6|11424|0
2026|3041|9|11424|0
2026|3044|5|11424|0
2026|2710|10|11424|0
2026|2504|3|11424|0
2026|2403|6|11424|0
2026|889|4|11424|0
2026|2458|3|11424|0
2026|2644|7|11424|0
2026|2823|5|11424|0
2026|2401|2|11424|0
2026|2395|7|11424|0
2026|2388|3|11424|0
2026|3023|4|11424|0
2026|2881|4|11424|0
2026|3091|6|11424|0
2026|172|12|11424|0
2026|2282|8|11424|0
2026|2787|2|11424|0
2026|3109|4|11424|0
2026|3062|9|11424|0
2026|192|9|11424|0
2026|2632|2|11424|0
2026|2721|4|11424|0
2026|2719|6|11424|0
2026|2900|9|11424|0
2026|3107|11|11424|0
2026|2648|4|11424|0
2026|889|1|11426|1
2026|3204|9|11426|0
2026|2274|6|11426|0
2026|2634|2|11426|0
2026|2676|3|11426|0
2026|2717|4|11426|0
2026|3149|1|11426|1
2026|3150|1|11426|1
2026|3151|1|11426|1
2026|3152|1|11426|1
2026|2465|5|11426|0
2026|2444|10|11426|0
2026|3145|1|11426|1
2026|3146|1|11426|1
2026|3147|1|11426|1
2026|3148|1|11426|1
2026|2396|6|11426|0
2026|2404|4|11426|0
2026|3107|4|11426|0
2026|2474|3|11426|0
2026|3159|4|11426|0
2026|3153|9|11426|0
2026|2979|5|11426|0
2026|2350|11|11426|0
2026|2403|10|11426|0
2026|2405|4|11426|0
2026|2359|8|11426|0
2026|2452|4|11426|0
2026|2868|4|11426|0
2026|2528|2|11426|0
2026|2566|8|11426|0
2026|2406|4|11426|0
2026|3050|6|11426|0
2026|2303|10|11426|0
2026|2937|1|11439|1
2026|3220|1|11439|1
2026|3208|7|11442|0
2026|3110|2|11442|0
2026|2499|2|11442|0
2026|598|9|11442|0
2026|1|6|11442|0
2026|2950|4|11442|0
2026|2578|2|11452|0
2026|2384|4|11452|0
2026|2421|7|11452|0
2026|2646|1|11452|1
2026|2755|8|11452|0
2026|2089|1|11458|1
2026|3269|10|11458|0
2026|3266|9|11458|0
2026|3263|2|11458|0
2026|3264|12|11458|0
2026|3267|8|11458|0
2026|579|17|11458|0
2026|573|10|11458|0
2026|692|8|11458|0
2026|120|17|11458|0
2026|257|11|11458|0
2026|2004|8|11458|0
2026|2072|4|11458|0
2026|373|7|11458|0
2026|226|10|11458|0
2026|2755|15|11458|0
2026|964|5|11458|0
2026|1003|3|11458|0
2026|449|12|11458|0
2026|2112|7|11458|0
2026|2150|8|11458|0
2026|2140|14|11458|0
2026|2119|10|11458|0
2026|3271|12|11458|0
2026|3265|5|11458|0
2026|2117|12|11458|0
2026|2038|15|11458|0
2026|2041|3|11458|0
2026|2006|15|11458|0
2026|2030|10|11458|0
2026|2040|13|11458|0
2026|2023|5|11458|0
2026|2024|4|11458|0
2026|2086|6|11458|0
2026|2146|6|11458|0
2026|2148|9|11458|0
2026|2231|2|11458|0
2026|195|8|11458|0
2026|2520|11|11458|0
2026|1169|6|11458|0
2026|2201|3|11458|0
2026|2002|5|11458|0
2026|2016|17|11458|0
2026|2596|6|11458|0
2026|2672|6|11458|0
2026|2670|5|11458|0
2026|2908|14|11458|0
2026|2995|5|11458|0
2026|193|14|11458|0
2026|2224|31|11458|0
2026|2005|14|11458|0
2026|2008|11|11458|0
2026|2017|14|11458|0
2026|2026|9|11458|0
2026|2027|8|11458|0
2026|2078|1|11458|1
2026|2100|1|11458|1
2026|2101|1|11458|1
2026|2028|7|11458|0
2026|2039|5|11458|0
2026|2130|2|11458|0
2026|2172|1|11458|1
2026|2099|1|11458|1
2026|978|1|11458|1
2026|3261|1|11458|1
2026|3258|1|11458|1
2026|984|1|11458|1
2026|2143|1|11458|1
2026|2154|1|11458|1
2026|2134|1|11458|1
2026|2090|1|11458|1
2026|2092|1|11458|1
2026|2079|1|11458|1
2026|3267|7|11459|0
2026|3261|5|11459|0
2026|226|8|11459|0
2026|195|11|11459|0
2026|1169|2|11459|0
2026|3233|9|11459|0
2026|3266|8|11459|0
2026|3264|9|11459|0
2026|680|12|11459|0
2026|2871|12|11459|0
2026|2755|11|11459|0
2026|883|10|11459|0
2026|1105|5|11459|0
2026|972|2|11459|0
2026|2109|8|11459|0
2026|2026|5|11459|0
2026|2224|27|11459|0
2026|2002|6|11459|0
2026|2004|16|11459|0
2026|2176|3|11459|0
2026|2087|2|11459|0
2026|2114|5|11459|0
2026|2117|6|11459|0
2026|2177|5|11459|0
2026|2099|9|11459|0
2026|2020|3|11459|0
2026|2032|3|11459|0
2026|2056|7|11459|0
2026|2101|4|11459|0
2026|2165|7|11459|0
2026|2016|11|11459|0
2026|2038|9|11459|0
2026|2123|1|11459|1
2026|2168|1|11459|1
2026|2256|1|11459|1
2026|2067|1|11459|1
2026|1053|1|11459|1
2026|2008|9|11459|0
2026|2060|1|11459|1
2026|2031|1|11460|1
2026|2035|1|11460|1
2026|2061|1|11460|1
2026|2036|1|11460|1
2026|2156|1|11460|1
2026|2032|1|11460|1
2026|2784|13|11460|0
2026|2129|2|11460|0
2026|3264|10|11460|0
2026|3261|7|11460|0
2026|3258|8|11460|0
2026|2818|7|11460|0
2026|2811|11|11460|0
2026|2626|10|11460|0
2026|2004|3|11460|0
2026|2800|7|11460|0
2026|2340|12|11460|0
2026|2801|16|11460|0
2026|2016|5|11460|0
2026|3263|6|11460|0
2026|2533|11|11460|0
2026|2968|16|11460|0
2026|2459|12|11460|0
2026|3240|5|11460|0
2026|3149|12|11460|0
2026|2324|9|11460|0
2026|2337|12|11460|0
2026|573|13|11460|0
2026|226|12|11460|0
2026|2284|15|11460|0
2026|538|13|11460|0
2026|1044|8|11460|0
2026|2372|14|11460|0
2026|225|12|11460|0
2026|1122|5|11460|0
2026|476|3|11460|0
2026|949|5|11460|0
2026|2072|3|11460|0
2026|980|5|11460|0
2026|997|4|11460|0
2026|725|4|11460|0
2026|193|12|11460|0
2026|195|6|11460|0
2026|212|10|11460|0
2026|2227|2|11460|0
2026|2273|2|11460|0
2026|3271|2|11460|0
2026|3257|2|11460|0
2026|3267|2|11460|0
2026|964|7|11460|0
2026|2094|10|11460|0
2026|2222|5|11460|0
2026|1105|7|11460|0
2026|1006|3|11460|0
2026|1088|3|11460|0
2026|2185|3|11460|0
2026|2098|3|11460|0
2026|2104|4|11460|0
2026|2105|8|11460|0
2026|2106|3|11460|0
2026|2107|6|11460|0
2026|2216|11|11460|0
2026|2009|3|11460|0
2026|2011|3|11460|0
2026|2059|3|11460|0
2026|2067|3|11460|0
2026|2088|7|11460|0
2026|2096|7|11460|0
2026|2164|4|11460|0
2026|2171|2|11460|0
2026|2175|7|11460|0
2026|2211|8|11460|0
2026|2214|3|11460|0
2026|2006|12|11460|0
2026|2130|3|11460|0
2026|2108|10|11460|0
2026|2111|5|11460|0
2026|2140|8|11460|0
2026|2141|8|11460|0
2026|2158|6|11460|0
2026|2019|2|11460|0
2026|2099|4|11460|0
2026|2146|4|11460|0
2026|2154|4|11460|0
2026|2089|4|11460|0
2026|2165|6|11460|0
2026|2151|2|11460|0
2026|2052|2|11460|0
2026|2056|3|11460|0
2026|2077|2|11460|0
2026|2224|13|11460|0
2026|2021|5|11460|0
2026|2008|3|11460|0
2026|2017|3|11460|0
2026|2038|3|11460|0
2026|2114|2|11460|0
2026|2117|2|11460|0
2026|2148|2|11460|0
2026|2744|13|11460|0
2026|2476|14|11460|0
2026|2783|5|11460|0
2026|2695|12|11460|0
2026|2005|4|11460|0
2026|2007|2|11460|0
2026|2182|4|11460|0
2026|2178|7|11460|0
2026|2132|4|11460|0
2026|2115|5|11460|0
2026|66|20|11460|0
2026|2461|9|11460|0
2026|2645|13|11460|0
2026|2776|14|11460|0
2026|2015|7|11460|0
2026|2027|5|11460|0
2026|2187|5|11460|0
2026|2183|3|11460|0
2026|2037|1|11460|1
2026|2043|1|11460|1
2026|1169|1|11460|1
2026|2026|4|11460|0
2026|2102|6|11460|0
2026|2879|11|11460|0
2026|2230|1|11460|1
2026|3265|1|11460|1
2026|3260|1|11460|1
2026|1003|1|11460|1
2026|1019|1|11460|1
2026|2001|1|11460|1
2026|2080|1|11461|1
2026|2082|1|11461|1
2026|2083|1|11461|1
2026|2162|1|11461|1
2026|2210|1|11461|1
2026|949|1|11461|1
2026|2122|3|11461|0
2026|2131|3|11461|0
2026|2894|14|11461|0
2026|2443|11|11461|0
2026|964|3|11461|0
2026|2277|15|11461|0
2026|312|14|11461|0
2026|488|5|11461|0
2026|3268|5|11461|0
2026|3271|10|11461|0
2026|2666|6|11461|0
2026|3266|7|11461|0
2026|2755|13|11461|0
2026|883|13|11461|0
2026|2433|5|11461|0
2026|1022|4|11461|0
2026|2215|9|11461|0
2026|2121|3|11461|0
2026|2114|7|11461|0
2026|2244|4|11461|0
2026|2092|6|11461|0
2026|2631|9|11461|0
2026|3174|13|11461|0
2026|2901|4|11461|0
2026|2526|5|11461|0
2026|2557|6|11461|0
2026|2147|6|11461|0
2026|2791|5|11461|0
2026|2055|9|11461|0
2026|2038|16|11461|0
2026|2079|2|11461|0
2026|2629|9|11461|0
2026|2255|2|11461|0
2026|2940|16|11461|0
2026|2077|1|11461|1
2026|2084|1|11461|1
2026|997|1|11461|1
2026|2044|6|11461|0
2026|2099|14|11461|0
2026|2148|11|11461|0
2026|1081|1|11461|1
2026|2072|1|11461|1
2026|2073|1|11461|1
2026|2231|1|11461|1
2026|2075|1|11461|1
2026|2076|1|11461|1
2026|2274|1|11462|1
2026|2021|1|11462|1
2026|2263|1|11462|1
2026|1129|1|11462|1
2026|3253|1|11462|1
2026|2018|1|11462|1
2026|2962|17|11462|0
2026|2218|3|11462|0
2026|2222|2|11462|0
2026|3251|14|11462|0
2026|2056|4|11462|0
2026|2146|2|11462|0
2026|2148|6|11462|0
2026|679|8|11462|0
2026|559|9|11462|0
2026|2511|12|11462|0
2026|2669|14|11462|0
2026|3242|5|11462|0
2026|2091|4|11462|0
2026|2008|7|11462|0
2026|2005|10|11462|0
2026|2004|11|11462|0
2026|53|10|11462|0
2026|2469|11|11462|0
2026|2528|19|11462|0
2026|2358|6|11462|0
2026|3149|15|11462|0
2026|2985|12|11462|0
2026|1043|2|11462|0
2026|1042|4|11462|0
2026|225|14|11462|0
2026|172|14|11462|0
2026|491|9|11462|0
2026|538|15|11462|0
2026|2889|13|11462|0
2026|488|7|11462|0
2026|15|11|11462|0
2026|406|14|11462|0
2026|2988|4|11462|0
2026|2989|12|11462|0
2026|2833|14|11462|0
2026|452|12|11462|0
2026|2337|15|11462|0
2026|449|13|11462|0
2026|296|15|11462|0
2026|2344|14|11462|0
2026|2859|16|11462|0
2026|782|6|11462|0
2026|2376|10|11462|0
2026|325|4|11462|0
2026|193|13|11462|0
2026|195|7|11462|0
2026|2631|10|11462|0
2026|2813|12|11462|0
2026|226|11|11462|0
2026|1077|3|11462|0
2026|2452|13|11462|0
2026|2893|15|11462|0
2026|2406|15|11462|0
2026|2493|14|11462|0
2026|2602|14|11462|0
2026|2303|13|11462|0
2026|2819|13|11462|0
2026|2830|10|11462|0
2026|2164|3|11462|0
2026|2220|4|11462|0
2026|2030|6|11462|0
2026|2103|2|11462|0
2026|2411|14|11462|0
2026|2580|14|11462|0
2026|2111|4|11462|0
2026|2157|3|11462|0
2026|2141|7|11462|0
2026|2006|11|11462|0
2026|2040|11|11462|0
2026|2094|9|11462|0
2026|2793|15|11462|0
2026|2068|2|11462|0
2026|2069|3|11462|0
2026|2193|2|11462|0
2026|2104|2|11462|0
2026|2110|4|11462|0
2026|2089|6|11462|0
2026|2085|2|11462|0
2026|2086|4|11462|0
2026|2099|2|11462|0
2026|2521|15|11462|0
2026|2959|16|11462|0
2026|2855|12|11462|0
2026|2939|13|11462|0
2026|2277|17|11462|0
2026|3040|13|11462|0
2026|2707|12|11462|0
2026|2408|12|11462|0
2026|2801|13|11462|0
2026|2517|15|11462|0
2026|2868|15|11462|0
2026|1169|5|11462|0
2026|2109|4|11462|0
2026|2117|7|11462|0
2026|2190|3|11462|0
2026|2245|4|11462|0
2026|2252|4|11462|0
2026|2438|15|11462|0
2026|2152|4|11462|0
2026|2749|17|11462|0
2026|3231|14|11462|0
2026|2015|11|11462|0
2026|2057|2|11462|0
2026|2105|5|11462|0
2026|2107|4|11462|0
2026|2108|7|11462|0
2026|948|1|11462|1
2026|584|1|11462|1
2026|2754|11|11462|0
2026|2102|4|11462|0
2026|2879|13|11462|0
2026|2747|15|11462|0
2026|2022|1|11462|1
2026|2273|1|11462|1
2026|2251|1|11462|1
2026|2265|1|11462|1
2026|2227|1|11462|1
2026|2272|1|11462|1
2026|2068|1|11463|1
2026|2217|1|11463|1
2026|2069|1|11463|1
2026|2193|1|11463|1
2026|2429|11|11463|0
2026|2971|10|11463|0
2026|2261|2|11463|0
2026|3268|6|11463|0
2026|3257|6|11463|0
2026|268|5|11463|0
2026|534|6|11463|0
2026|2541|13|11463|0
2026|2195|2|11463|0
2026|374|14|11463|0
2026|988|3|11463|0
2026|2023|2|11463|0
2026|2865|6|11463|0
2026|3270|4|11463|0
2026|3260|3|11463|0
2026|2086|2|11463|0
2026|373|6|11463|0
2026|391|9|11463|0
2026|764|13|11463|0
2026|471|13|11463|0
2026|410|9|11463|0
2026|972|3|11463|0
2026|2424|11|11463|0
2026|779|14|11463|0
2026|1136|3|11463|0
2026|948|2|11463|0
2026|3000|13|11463|0
2026|976|6|11463|0
2026|2084|2|11463|0
2026|3271|5|11463|0
2026|3266|2|11463|0
2026|3261|6|11463|0
2026|3256|5|11463|0
2026|2197|6|11463|0
2026|2122|6|11463|0
2026|2147|5|11463|0
2026|2215|7|11463|0
2026|2196|5|11463|0
2026|1049|3|11463|0
2026|2238|4|11463|0
2026|2269|6|11463|0
2026|2257|4|11463|0
2026|2262|4|11463|0
2026|2047|5|11463|0
2026|2080|2|11463|0
2026|2266|3|11463|0
2026|2241|5|11463|0
2026|2131|7|11463|0
2026|2140|10|11463|0
2026|2118|5|11463|0
2026|2242|5|11463|0
2026|2109|7|11463|0
2026|2127|2|11463|0
2026|2146|5|11463|0
2026|2026|2|11463|0
2026|2647|13|11463|0
2026|2145|4|11463|0
2026|2969|10|11463|0
2026|2016|15|11463|0
2026|2024|2|11463|0
2026|2038|14|11463|0
2026|2044|2|11463|0
2026|2056|6|11463|0
2026|2932|9|11463|0
2026|2636|2|11463|0
2026|2224|11|11463|0
2026|2160|2|11463|0
2026|2246|2|11463|0
2026|2042|2|11463|0
2026|2077|4|11463|0
2026|2399|6|11463|0
2026|2690|5|11463|0
2026|1081|8|11463|0
2026|2488|12|11463|0
2026|2697|15|11463|0
2026|2607|6|11524|0
2026|2608|4|11524|0
2026|2600|2|11524|0
2026|2958|2|11524|0
2026|2963|3|11524|0
2026|3161|4|11524|0
2026|2187|10|11524|0
2026|2956|2|11524|0
2026|2558|5|11524|0
